CF28,CF2,CF24,CF3,CF9,CF16,CF6,CF11,CF12,CF22,CF25,CF5,CF15,CF13,CF8,CF19,CF26,CF21,CF17,CF18,CF27,CF10,CF4,CF7,CF20,CF1,CF14,CF23
MEG_989|Drugs|Aminoglycosides|Aminoglycoside_O-nucleotidyltransferases|ANT6,0,0,0,0,0,0,0,0,0,0,0,0,0,0,0,0,0,0,0,0,14.0,0,0,0,0,0,0,0
MEG_6656|Multi-compound|Biocide_and_metal_resistance|Biocide_and_metal_resistance_protein|TEHB,0,0,0,0,0,18.0,0,0,0,0,0,0,0,0,0,0,0,0,0,0,0,0,0,0,0,0,0,0
MEG_6992|Drugs|Tetracyclines|Tetracycline_resistance_ribosomal_protection_proteins|TET40,87.0,94.0,274.0,114.0,276.0,233.0,130.0,64.0,103.0,0,167.0,87.0,187.0,73.0,98.0,130.0,166.0,175.0,61.0,196.0,198.0,96.0,85.0,56.0,196.0,160.0,178.0,674.0
MEG_7165|Drugs|Tetracyclines|Tetracycline_resistance_ribosomal_protection_proteins|TETO,131.0,71.0,251.0,118.0,248.0,208.0,157.0,76.0,128.0,87.0,230.0,67.0,167.0,69.0,90.0,168.0,181.0,108.0,93.0,151.0,268.0,107.0,79.0,81.0,138.0,136.0,136.0,221.0
MEG_7177|Drugs|Tetracyclines|Tetracycline_resistance_ribosomal_protection_proteins|TETO,0,0,52.0,0,0,0,0,0,0,0,0,0,0,0,0,0,0,0,0,0,0,0,0,0,0,0,0,0
MEG_11|Drugs|Aminoglycosides|Aminoglycoside-resistant_16S_ribosomal_subunit_protein|A16S|RequiresSNPConfirmation,2442.0,2056.0,3865.0,2100.0,5745.0,5181.0,3023.0,1991.0,3069.0,1822.0,5550.0,1875.0,4235.0,2041.0,2220.0,2965.0,4070.0,2300.0,2389.0,3926.0,5494.0,3096.0,1669.0,1550.0,2440.0,3254.0,3206.0,3717.0
MEG_6093|Drugs|Rifampin|Rifampin-resistant_beta-subunit_of_RNA_polymerase_RpoB|RPOB|RequiresSNPConfirmation,1293.0,0,1496.0,0,0,0,0,869.0,1279.0,1064.0,2282.0,0,1868.0,0,0,1811.0,2650.0,0,0,0,1987.0,781.0,0,0,0,0,1664.0,1480.0
MEG_1004|Drugs|Aminoglycosides|Aminoglycoside_O-nucleotidyltransferases|ANT9,1497.0,1675.0,1981.0,0,3666.0,0,2197.0,0,0,0,3676.0,0,0,1939.0,0,0,0,0,0,0,2424.0,1945.0,868.0,946.0,0,0,0,0
MEG_4004|Metals|Multi-metal_resistance|Multi-metal_ABC_efflux_pumps|MODB,0,0,0,0,0,0,0,0,0,0,0,0,0,0,0,0,0,0,0,0,12.0,0,0,0,0,0,0,0
MEG_7865|Multi-compound|Biocide_and_metal_resistance|Biocide_and_metal_resistance_protein|ZUPT,0,0,0,0,0,0,0,0,0,0,0,0,0,0,15.0,0,21.0,0,0,0,0,0,0,0,0,0,0,0
MEG_2870|Multi-compound|Drug_and_biocide_resistance|Drug_and_biocide_MFS_efflux_regulator|EVGS,106.0,0,0,0,0,0,0,0,0,0,0,0,0,0,0,0,103.0,0,0,0,46.0,0,0,0,0,0,0,0
MEG_2783|Drugs|MLS|23S_rRNA_methyltransferases|ERMA,0,0,40.0,0,0,0,0,0,0,0,0,0,0,0,0,0,0,0,0,0,29.0,0,0,0,0,0,0,13.0
MEG_4002|Metals|Multi-metal_resistance|Multi-metal_ABC_efflux_pumps|MODA,0,0,0,0,0,20.0,0,0,0,0,0,0,0,0,0,0,0,0,0,0,0,0,0,0,0,22.0,0,0
MEG_3289|Biocides|Peroxide_resistance|Peroxide_resistance_stress_protein|IBPB,0,0,0,0,0,0,0,0,0,0,0,0,0,0,0,0,0,0,0,0,4.0,0,0,0,0,20.0,0,0
MEG_3079|Biocides|Acid_resistance|Acid_resistance_protein|GADC,0,0,0,0,0,0,0,0,0,0,0,0,0,0,0,0,0,0,0,0,32.0,0,0,0,0,0,0,0
MEG_2854|Drugs|MLS|23S_rRNA_methyltransferases|ERMX,22.0,0,0,0,0,0,0,0,0,0,0,0,0,0,0,0,0,0,0,0,0,0,0,0,0,0,0,0
MEG_3818|Drugs|MLS|MLS_resistance_MFS_efflux_pumps|MEFA,36.0,0,54.0,0,0,67.0,0,0,0,0,0,0,73.0,0,0,68.0,53.0,0,0,0,0,0,0,0,0,0,0,0
MEG_2809|Drugs|MLS|23S_rRNA_methyltransferases|ERMC,0,0,36.0,0,0,0,0,0,0,0,0,0,0,9.0,0,0,0,0,0,0,0,0,0,0,0,0,0,0
MEG_4031|Drugs|MLS|Macrolide_phosphotransferases|MPHB,0,0,532.0,0,0,0,0,0,0,0,0,0,112.0,0,0,129.0,0,0,0,0,0,0,0,0,0,0,0,0
MEG_2736|Multi-compound|Drug_and_biocide_resistance|Drug_and_biocide_MFS_efflux_pumps|EMRY,0,0,0,0,0,0,0,0,0,0,0,0,0,0,0,0,38.0,0,0,0,0,0,0,0,0,0,0,0
MEG_7027|Drugs|Tetracyclines|Tetracycline_resistance_MFS_efflux_pumps|TETA,0,0,0,0,0,0,0,0,0,0,0,0,43.0,0,0,0,0,0,0,0,0,0,0,0,0,0,0,0
MEG_6135|Drugs|Rifampin|Rifampin-resistant_beta-subunit_of_RNA_polymerase_RpoB|RPOB|RequiresSNPConfirmation,0,0,0,0,0,0,0,0,0,0,0,0,319.0,0,0,0,337.0,0,0,0,343.0,0,0,0,0,0,0,0
MEG_2867|Biocides|Acid_resistance|Acid_resistance_regulator|EVGA,13.0,0,0,0,0,0,0,0,0,0,0,0,0,0,0,0,0,0,0,0,0,0,0,0,0,11.0,0,0
MEG_2690|Metals|Multi-metal_resistance|Multi-metal_resistance_protein|DSBB,0,0,0,0,0,0,0,0,0,0,0,0,0,0,0,0,0,0,0,0,0,0,6.0,0,0,0,0,0
MEG_4168|Metals|Nickel_resistance|Nickel_ABC_efflux_pumps|NIKB,20.0,0,0,0,0,0,0,0,0,0,0,0,0,0,0,0,14.0,0,0,0,18.0,0,0,0,0,0,0,0
MEG_7240|Drugs|Tetracyclines|Tetracycline_inactivation_enzymes|TETX,0,0,0,45.0,71.0,0,0,0,127.0,0,102.0,0,0,0,0,0,0,0,0,0,50.0,59.0,0,0,0,0,0,60.0
MEG_2831|Drugs|MLS|23S_rRNA_methyltransferases|ERMF,0,0,0,0,0,0,0,0,0,9.0,0,0,0,0,0,0,0,0,0,0,21.0,20.0,0,0,0,0,0,0
MEG_3988|Drugs|MLS|Macrolide-resistant_23S_rRNA_mutation|MLS23S|RequiresSNPConfirmation,59161.0,37089.0,78799.0,43176.0,102885.0,117449.0,48359.0,44185.0,66026.0,46991.0,107507.0,37411.0,93849.0,46010.0,48052.0,77354.0,81836.0,50118.0,52769.0,96206.0,99278.0,48862.0,23303.0,33966.0,58623.0,76512.0,74966.0,66909.0
MEG_7317|Drugs|Elfamycins|EF-Tu_inhibition|TUFAB|RequiresSNPConfirmation,555.0,0,0,0,719.0,966.0,0,418.0,497.0,0,957.0,272.0,789.0,362.0,0,708.0,710.0,469.0,0,804.0,789.0,0,0,0,551.0,0,620.0,604.0
MEG_6166|Drugs|Nucleosides|Streptothricin_acetyltransferase|SAT,11.0,0,0,0,0,0,0,0,5.0,11.0,14.0,0,7.0,0,0,0,0,0,0,0,0,0,0,0,0,0,0,0
MEG_1693|Drugs|betalactams|Class_A_betalactamases|CFX,38.0,65.0,65.0,0,129.0,173.0,78.0,89.0,85.0,0,177.0,128.0,123.0,72.0,81.0,126.0,90.0,62.0,74.0,147.0,77.0,0,49.0,0,109.0,187.0,84.0,97.0
MEG_408|Multi-compound|Drug_and_biocide_resistance|Drug_and_biocide_RND_efflux_pumps|ACRE,17.0,0,0,0,0,0,0,0,0,0,0,0,0,0,0,0,32.0,0,0,0,31.0,0,0,0,0,26.0,0,0
MEG_3622|Biocides|Acetate_resistance|Acetate_resistance_protein|LPDT,50.0,0,0,0,0,0,0,0,0,0,0,0,0,0,0,0,23.0,0,0,0,0,0,0,0,0,0,0,0
MEG_3253|Biocides|Acid_resistance|Acid_resistance_protein|HDEA,11.0,7.0,0,0,0,0,6.0,0,0,0,0,0,0,0,17.0,0,17.0,0,0,3.0,7.0,0,0,0,0,0,0,0
MEG_3749|Multi-compound|Drug_and_biocide_and_metal_resistance|Drug_and_biocide_and_metal_RND_efflux_pumps|MDTC,65.0,0,0,0,0,0,0,0,0,0,0,0,0,0,72.0,0,0,0,0,0,81.0,0,0,0,0,0,0,0
MEG_6545|Biocides|Peroxide_resistance|peroxide_resistance_protein|SODB,0,6.0,0,0,0,0,0,0,0,0,0,0,0,0,12.0,0,16.0,0,0,0,0,0,0,0,0,0,0,0
MEG_4000|Metals|Multi-metal_resistance|Multi-metal_resistance_protein|MNTR,0,0,0,0,0,0,0,0,0,0,0,0,0,0,9.0,0,0,0,0,0,10.0,0,0,0,0,0,0,0
MEG_2689|Metals|Multi-metal_resistance|Multi-metal_resistance_protein|DSBB,0,0,0,0,0,0,0,0,0,0,0,0,0,0,0,0,7.0,0,0,0,8.0,0,0,0,0,7.0,0,0
MEG_1189|Drugs|Bacitracin|Undecaprenyl_pyrophosphate_phosphatase|BACA,11.0,0,0,0,0,0,0,0,0,0,0,0,0,0,0,0,0,0,0,0,0,0,0,0,0,0,0,0
MEG_7853|Metals|Multi-metal_resistance|Multi-metal_resistance_protein|ZNTA,53.0,0,0,0,0,0,0,0,0,0,0,0,0,0,0,0,0,0,0,0,77.0,0,0,0,0,36.0,0,0
MEG_3948|Metals|Multi-metal_resistance|Multi-metal_resistance_regulator|MGTA,52.0,0,0,0,0,0,0,0,0,0,0,0,0,0,39.0,0,0,0,0,0,53.0,0,0,0,0,0,0,0
MEG_7842|Multi-compound|Drug_and_biocide_resistance|Drug_and_biocide_ABC_efflux_pumps|YOGI,0,0,0,0,0,0,0,0,0,0,0,0,0,0,36.0,0,0,0,0,0,70.0,0,0,0,0,0,0,0
MEG_3746|Multi-compound|Drug_and_biocide_and_metal_resistance|Drug_and_biocide_and_metal_RND_efflux_pumps|MDTA,0,0,0,0,0,0,0,0,0,0,0,0,24.0,0,0,0,27.0,0,0,0,0,0,0,0,0,24.0,0,0
MEG_2873|Biocides|Phenolic_compound_resistance|Triclosan-resistant_mutation|FABG|RequiresSNPConfirmation,23.0,0,0,0,0,16.0,0,0,0,0,0,0,0,0,10.0,0,45.0,0,0,0,0,0,0,0,0,16.0,0,0
MEG_6576|Biocides|Multi-biocide_resistance|Multi-biocide_SMR_efflux_pump|SUGE,0,0,0,0,0,0,0,0,0,0,0,0,0,0,0,0,11.0,0,0,0,0,0,0,0,0,0,0,0
MEG_925|Drugs|Aminoglycosides|Aminoglycoside_O-nucleotidyltransferases|ANT3-DPRIME,0,0,140.0,0,0,0,0,0,0,0,50.0,0,24.0,0,0,32.0,21.0,0,0,0,66.0,0,0,0,14.0,0,0,89.0
MEG_7170|Drugs|Tetracyclines|Tetracycline_resistance_ribosomal_protection_proteins|TETO,62.0,53.0,65.0,37.0,104.0,112.0,66.0,67.0,69.0,42.0,89.0,48.0,81.0,27.0,45.0,63.0,129.0,63.0,0,86.0,91.0,57.0,0,0,55.0,94.0,69.0,362.0
MEG_7159|Drugs|Tetracyclines|Tetracycline_resistance_ribosomal_protection_proteins|TETO,185.0,126.0,280.0,109.0,441.0,270.0,212.0,128.0,145.0,140.0,380.0,100.0,272.0,113.0,158.0,206.0,250.0,193.0,124.0,280.0,391.0,141.0,118.0,105.0,194.0,219.0,168.0,317.0
MEG_6960|Metals|Tellurium_resistance|Tellurium_resistance_protein|TERW,8.0,0,0,0,0,0,0,0,0,0,0,0,0,0,0,0,0,0,0,0,0,0,0,0,0,0,0,0
MEG_2452|Metals|Multi-metal_resistance|Multi-metal_RND_efflux_regulator|CUSR,0,0,0,0,0,0,0,0,0,0,0,0,0,0,13.0,0,0,0,0,0,24.0,0,0,0,0,0,0,0
MEG_3757|Multi-compound|Drug_and_biocide_resistance|Drug_and_biocide_SMR_efflux_pumps|MDTJ,3.0,0,0,9.0,0,0,0,0,0,0,0,0,0,0,6.0,0,10.0,0,0,0,12.0,0,0,0,0,0,0,0
MEG_7307|Drugs|Elfamycins|EF-Tu_inhibition|TUFAB|RequiresSNPConfirmation,0,0,1447.0,0,0,0,0,0,0,0,1783.0,0,0,0,860.0,0,0,0,0,0,0,0,0,0,0,0,0,0
MEG_4163|Metals|Sodium_resistance|Sodium_resistance_protein|NHAB,0,0,0,0,0,0,0,0,0,0,0,0,0,0,0,0,0,0,0,0,39.0,0,0,0,0,0,0,0
MEG_2121|Multi-compound|Drug_and_biocide_resistance|Drug_and_biocide_RND_efflux_regulator|CPXAR,46.0,0,0,0,0,27.0,0,0,0,0,0,0,0,0,0,0,0,0,0,0,40.0,0,0,0,0,0,0,0
MEG_7866|Multi-compound|Biocide_and_metal_resistance|Biocide_and_metal_resistance_protein|ZUPT,0,0,0,0,0,0,0,0,0,0,0,0,0,0,0,0,18.0,0,0,0,0,0,0,0,0,0,0,0
MEG_12|Drugs|Aminoglycosides|Aminoglycoside-resistant_16S_ribosomal_subunit_protein|A16S|RequiresSNPConfirmation,0,441.0,836.0,0,1107.0,1218.0,0,0,729.0,0,1222.0,0,0,0,479.0,900.0,943.0,0,0,953.0,1085.0,0,0,395.0,0,0,0,1018.0
MEG_7152|Drugs|Tetracyclines|Tetracycline_resistance_ribosomal_protection_proteins|TETO,152.0,73.0,289.0,90.0,303.0,212.0,153.0,96.0,136.0,103.0,232.0,98.0,220.0,80.0,126.0,199.0,253.0,142.0,82.0,163.0,299.0,128.0,66.0,117.0,155.0,160.0,145.0,263.0
MEG_7851|Metals|Zinc_resistance|Zinc_resistance_protein|ZITB,17.0,0,0,0,0,0,0,0,0,0,0,0,0,0,0,0,0,0,0,0,0,0,0,0,0,0,0,0
MEG_1231|Metals|Copper_resistance|Copper_resistance_regulator|BHSA,7.0,0,0,0,0,0,0,0,0,0,0,0,18.0,0,8.0,0,18.0,0,0,0,2.0,0,0,0,0,0,0,0
MEG_5813|Metals|Arsenic_resistance|Arsenic_resistance_protein|PSTA,14.0,0,0,0,0,22.0,0,0,0,0,0,0,14.0,0,0,0,27.0,0,0,0,0,0,0,17.0,0,0,0,0
MEG_7156|Drugs|Tetracyclines|Tetracycline_resistance_ribosomal_protection_proteins|TETO,223.0,138.0,352.0,118.0,400.0,259.0,212.0,127.0,187.0,191.0,333.0,143.0,270.0,120.0,144.0,223.0,255.0,154.0,126.0,266.0,394.0,139.0,115.0,131.0,212.0,198.0,179.0,338.0
MEG_2909|Metals|Multi-metal_resistance|Multi-metal_resistance_protein|FIEF,0,0,0,0,0,0,16.0,0,0,0,0,0,0,0,29.0,0,37.0,0,0,0,0,0,0,0,0,28.0,0,0
MEG_2122|Multi-compound|Drug_and_biocide_resistance|Drug_and_biocide_RND_efflux_regulator|CPXAR,6.0,0,0,0,0,0,0,0,0,0,0,0,13.0,0,0,0,13.0,0,0,0,0,0,0,0,0,0,0,0
MEG_7221|Drugs|Tetracyclines|Tetracycline_resistance_ribosomal_protection_proteins|TETW,281.0,151.0,285.0,170.0,254.0,453.0,168.0,189.0,255.0,179.0,440.0,172.0,366.0,150.0,187.0,296.0,381.0,216.0,188.0,452.0,415.0,170.0,56.0,120.0,304.0,289.0,327.0,741.0
MEG_7837|Biocides|Multi-biocide_resistance|Multi-biocide_resistance_protein|YJCG,41.0,0,0,0,0,43.0,0,0,0,0,0,0,0,0,24.0,0,62.0,0,0,0,58.0,0,0,0,0,0,0,0
MEG_7149|Drugs|Tetracyclines|Tetracycline_resistance_ribosomal_protection_proteins|TETO,269.0,109.0,342.0,105.0,376.0,236.0,176.0,108.0,205.0,157.0,282.0,125.0,259.0,96.0,118.0,227.0,261.0,105.0,127.0,241.0,414.0,135.0,98.0,142.0,183.0,198.0,157.0,279.0
MEG_7318|Drugs|Elfamycins|EF-Tu_inhibition|TUFAB|RequiresSNPConfirmation,1628.0,1051.0,2157.0,988.0,2118.0,2895.0,1215.0,1086.0,1695.0,1023.0,2632.0,1128.0,2402.0,1100.0,1226.0,1758.0,2076.0,1111.0,1324.0,2316.0,2790.0,979.0,591.0,969.0,1428.0,1739.0,1532.0,1699.0
MEG_7301|Drugs|Elfamycins|EF-Tu_inhibition|TUFAB|RequiresSNPConfirmation,575.0,391.0,626.0,0,0,1116.0,559.0,370.0,0,511.0,967.0,416.0,864.0,0,458.0,0,946.0,457.0,0,931.0,889.0,0,0,272.0,658.0,672.0,0,751.0
MEG_3990|Drugs|MLS|Macrolide-resistant_23S_rRNA_mutation|MLS23S|RequiresSNPConfirmation,0,0,3433.0,0,0,0,0,0,0,0,3908.0,0,0,0,1571.0,0,0,0,0,0,3562.0,0,0,1476.0,0,0,0,3728.0
MEG_6540|Biocides|Peroxide_resistance|peroxide_resistance_protein|SODA,0,12.0,0,0,0,5.0,0,0,0,0,0,0,0,0,0,0,0,0,0,0,15.0,0,0,0,0,0,0,0
MEG_401|Multi-compound|Drug_and_biocide_resistance|Drug_and_biocide_RND_efflux_pumps|ACRB,76.0,0,0,0,0,0,0,0,0,0,0,0,0,0,0,0,156.0,0,0,0,59.0,0,0,0,0,0,0,0
MEG_4073|Drugs|MLS|MLS_resistance_ABC_efflux_pumps|MSRD,427.0,260.0,604.0,0,0,845.0,0,316.0,476.0,0,609.0,260.0,622.0,0,320.0,508.0,531.0,318.0,296.0,576.0,522.0,0,0,230.0,468.0,558.0,465.0,0
MEG_3610|Drugs|MLS|Lincosamide_nucleotidyltransferases|LNUC,1206.0,675.0,1719.0,700.0,1765.0,2001.0,926.0,808.0,1325.0,856.0,1889.0,663.0,2014.0,820.0,869.0,1776.0,1432.0,934.0,781.0,1982.0,1555.0,838.0,427.0,676.0,1188.0,1647.0,1436.0,1421.0
MEG_2435|Drugs|betalactams|Class_A_betalactamases|CTX,0,0,0,0,0,0,0,0,0,0,0,0,0,0,0,0,0,0,0,0,0,0,0,0,0,0,30.0,0
MEG_1695|Drugs|betalactams|Class_A_betalactamases|CFX,128.0,252.0,212.0,244.0,708.0,379.0,350.0,250.0,292.0,152.0,540.0,353.0,280.0,212.0,220.0,314.0,236.0,151.0,151.0,466.0,363.0,225.0,143.0,183.0,239.0,542.0,299.0,371.0
MEG_2808|Drugs|MLS|23S_rRNA_methyltransferases|ERMC,0,0,58.0,0,0,0,0,0,0,0,58.0,0,0,29.0,27.0,8.0,9.0,0,0,0,36.0,0,0,0,13.0,0,0,27.0
MEG_7161|Drugs|Tetracyclines|Tetracycline_resistance_ribosomal_protection_proteins|TETO,266.0,202.0,449.0,176.0,483.0,355.0,248.0,108.0,221.0,157.0,401.0,134.0,309.0,134.0,199.0,315.0,339.0,227.0,145.0,264.0,546.0,177.0,97.0,175.0,247.0,263.0,191.0,430.0
MEG_3823|Drugs|MLS|MLS_resistance_MFS_efflux_pumps|MEFA,0,0,0,0,599.0,0,0,0,400.0,0,524.0,0,500.0,0,0,413.0,0,0,0,0,0,0,0,0,284.0,0,0,0
MEG_1040|Drugs|Aminoglycosides|Aminoglycoside_O-phosphotransferases|APH3-DPRIME,0,0,0,0,18.0,0,0,0,0,9.0,0,0,0,0,0,0,0,0,0,0,11.0,0,0,0,0,0,16.0,24.0
MEG_395|Drugs|betalactams|Class_A_betalactamases|ACI,29.0,45.0,86.0,22.0,147.0,28.0,115.0,39.0,0,37.0,154.0,32.0,23.0,19.0,33.0,39.0,106.0,16.0,24.0,42.0,71.0,25.0,87.0,29.0,52.0,36.0,84.0,91.0
MEG_3219|Drugs|Fluoroquinolones|Fluoroquinolone-resistant_DNA_topoisomerases|GYRA|RequiresSNPConfirmation,437.0,308.0,620.0,0,583.0,961.0,447.0,436.0,509.0,0,949.0,330.0,880.0,453.0,337.0,393.0,631.0,0,334.0,664.0,945.0,358.0,0,235.0,288.0,433.0,769.0,616.0
MEG_7312|Drugs|Elfamycins|EF-Tu_inhibition|TUFAB|RequiresSNPConfirmation,0,0,502.0,0,0,773.0,0,309.0,0,0,0,0,558.0,0,369.0,0,562.0,0,0,0,643.0,614.0,0,0,466.0,715.0,420.0,452.0
MEG_1701|Metals|Sodium_resistance|Sodium_resistance_protein|CHAA,20.0,15.0,0,0,0,8.0,0,0,0,7.0,0,0,0,0,25.0,0,19.0,0,0,0,0,0,0,0,0,0,0,0
MEG_3621|Drugs|MLS|Lincosamide_nucleotidyltransferases|LNUP,60.0,48.0,60.0,42.0,79.0,131.0,63.0,30.0,52.0,18.0,138.0,26.0,147.0,61.0,36.0,41.0,105.0,23.0,19.0,59.0,147.0,71.0,39.0,41.0,15.0,57.0,144.0,73.0
MEG_1181|Biocides|Acid_resistance|Acid_resistance_protein|ASR,11.0,0,0,0,0,0,0,0,0,0,0,0,0,0,0,0,7.0,2.0,0,0,0,0,0,0,0,5.0,0,0
MEG_2451|Metals|Multi-metal_resistance|Multi-metal_RND_efflux_pumps|CUSF,0,0,0,0,0,0,0,0,0,0,0,0,0,0,13.0,0,0,0,0,6.0,0,0,0,0,0,8.0,0,0
MEG_7223|Drugs|Tetracyclines|Tetracycline_resistance_ribosomal_protection_proteins|TETW,134.0,93.0,181.0,85.0,179.0,220.0,76.0,106.0,121.0,107.0,216.0,104.0,208.0,96.0,99.0,134.0,256.0,105.0,98.0,146.0,201.0,77.0,50.0,40.0,167.0,180.0,175.0,463.0
MEG_6991|Drugs|Tetracyclines|Tetracycline_resistance_ribosomal_protection_proteins|TET40,757.0,675.0,1693.0,716.0,1541.0,1433.0,827.0,526.0,966.0,615.0,1371.0,698.0,1313.0,615.0,593.0,983.0,1228.0,1343.0,620.0,1661.0,1361.0,675.0,516.0,371.0,926.0,1053.0,1252.0,5055.0
MEG_7|Drugs|Aminoglycosides|Aminoglycoside-resistant_16S_ribosomal_subunit_protein|A16S|RequiresSNPConfirmation,0,0,0,0,6832.0,7720.0,3397.0,0,4369.0,0,0,0,5938.0,2861.0,3005.0,0,0,0,3239.0,6103.0,7665.0,3486.0,0,2524.0,3862.0,0,0,5599.0
MEG_7834|Multi-compound|Biocide_and_metal_resistance|Biocide_and_metal_resistance_protein|YHCN,0,4.0,0,0,0,7.0,0,0,0,0,0,0,0,0,0,0,3.0,3.0,0,0,0,0,0,0,0,4.0,0,0
MEG_6048|Metals|Multi-metal_resistance|Multi-metal_resistance_protein|RCNA,0,0,0,0,0,0,0,0,0,0,0,0,0,0,0,0,0,15.0,0,0,25.0,0,0,0,0,0,0,0
MEG_3830|Drugs|MLS|MLS_resistance_MFS_efflux_pumps|MEFE,146.0,252.0,225.0,247.0,365.0,211.0,247.0,228.0,268.0,92.0,399.0,143.0,186.0,250.0,161.0,340.0,279.0,184.0,305.0,188.0,151.0,106.0,256.0,82.0,94.0,345.0,185.0,303.0
MEG_7868|Metals|Zinc_resistance|Zinc_resistance_regulator|ZUR,0,0,0,0,0,0,0,0,0,0,0,0,0,0,0,0,13.0,0,0,0,0,0,0,0,0,0,0,0
MEG_6994|Drugs|Tetracyclines|Tetracycline_resistance_ribosomal_protection_proteins|TET40,320.0,278.0,664.0,280.0,627.0,568.0,377.0,207.0,355.0,253.0,545.0,324.0,490.0,215.0,255.0,470.0,466.0,453.0,219.0,629.0,521.0,310.0,233.0,175.0,459.0,487.0,472.0,1912.0
MEG_3661|Multi-compound|Drug_and_biocide_resistance|Drug_and_biocide_RND_efflux_regulator|MARA,0,0,0,0,0,0,0,0,0,4.0,0,0,0,0,0,0,0,0,0,0,5.0,0,0,0,0,0,0,0
MEG_7226|Drugs|Tetracyclines|Tetracycline_resistance_ribosomal_protection_proteins|TETW,611.0,361.0,693.0,501.0,884.0,1224.0,461.0,514.0,551.0,601.0,1392.0,485.0,1317.0,368.0,544.0,1078.0,1058.0,746.0,553.0,1266.0,1046.0,618.0,262.0,313.0,926.0,748.0,1083.0,867.0
MEG_998|Drugs|Aminoglycosides|Aminoglycoside_O-nucleotidyltransferases|ANT6,0,0,22.0,0,0,0,0,0,0,0,0,0,26.0,0,0,0,0,0,0,0,0,0,0,0,0,0,0,0
MEG_2841|Drugs|MLS|23S_rRNA_methyltransferases|ERMQ,41.0,14.0,45.0,27.0,49.0,56.0,26.0,38.0,36.0,0,65.0,10.0,80.0,30.0,27.0,29.0,69.0,11.0,18.0,46.0,69.0,45.0,16.0,0,0,14.0,95.0,40.0
MEG_6964|Drugs|Tetracyclines|Tetracycline-resistant_16S_ribosomal_subunit_protein|TET16S|RequiresSNPConfirmation,5602.0,3017.0,6990.0,0,7675.0,10844.0,0,3603.0,5961.0,4213.0,9213.0,0,8309.0,0,4098.0,7291.0,7405.0,0,0,8940.0,8575.0,3829.0,0,3113.0,5145.0,6610.0,5981.0,5595.0
MEG_1107|Biocides|Multi-biocide_resistance|Multi-biocide_resistance_regulator|ARIR,0,0,0,0,0,4.0,0,0,0,0,0,0,14.0,0,3.0,0,15.0,0,0,0,6.0,0,0,7.0,0,6.0,0,0
MEG_6998|Drugs|Tetracyclines|Tetracycline_resistance_ribosomal_protection_proteins|TET44,450.0,233.0,418.0,223.0,415.0,838.0,370.0,411.0,298.0,371.0,965.0,233.0,886.0,262.0,300.0,477.0,745.0,367.0,281.0,1020.0,1306.0,292.0,116.0,183.0,454.0,529.0,608.0,1054.0
MEG_1014|Drugs|Aminoglycosides|Aminoglycoside_O-phosphotransferases|APH2-DPRIME,0,0,0,0,0,0,0,0,0,0,0,0,0,0,0,24.0,0,0,0,0,0,0,0,0,0,0,0,0
MEG_3947|Metals|Multi-metal_resistance|Multi-metal_resistance_regulator|MGTA,0,0,0,0,0,0,0,0,0,0,0,0,0,0,0,0,57.0,0,0,0,0,0,0,0,0,0,0,0
MEG_6120|Drugs|Rifampin|Rifampin-resistant_beta-subunit_of_RNA_polymerase_RpoB|RPOB|RequiresSNPConfirmation,1437.0,942.0,2204.0,969.0,2320.0,3012.0,1373.0,1109.0,1813.0,993.0,3111.0,1028.0,2495.0,1319.0,1481.0,1490.0,2573.0,1048.0,990.0,2618.0,2832.0,1375.0,568.0,847.0,1343.0,1709.0,2369.0,1862.0
MEG_7151|Drugs|Tetracyclines|Tetracycline_resistance_ribosomal_protection_proteins|TETO,123.0,66.0,179.0,74.0,183.0,147.0,112.0,78.0,112.0,87.0,191.0,59.0,188.0,60.0,68.0,145.0,162.0,55.0,75.0,125.0,199.0,83.0,58.0,79.0,122.0,128.0,83.0,193.0
MEG_2085|Metals|Multi-metal_resistance|Multi-metal_resistance_protein|CORA,14.0,0,0,0,0,0,0,0,0,0,0,0,0,0,0,0,0,0,0,0,0,0,0,0,0,0,0,0
MEG_4175|Metals|Nickel_resistance|Nickel_ABC_efflux_regulator|NIKR,0,0,0,0,0,0,0,0,0,0,0,4.0,0,0,0,0,0,0,0,0,0,0,0,0,0,3.0,0,0
MEG_3752|Multi-compound|Drug_and_biocide_resistance|Drug_and_biocide_RND_efflux_pumps|MDTF,82.0,0,0,0,0,0,0,0,0,0,0,0,0,0,55.0,0,73.0,0,0,0,80.0,0,0,0,0,0,0,0
MEG_7157|Drugs|Tetracyclines|Tetracycline_resistance_ribosomal_protection_proteins|TETO,146.0,99.0,266.0,126.0,331.0,181.0,186.0,99.0,132.0,102.0,214.0,89.0,181.0,82.0,107.0,147.0,175.0,168.0,108.0,153.0,352.0,86.0,81.0,102.0,97.0,195.0,145.0,260.0
MEG_1490|Drugs|Cationic_antimicrobial_peptides|Cationic_peptide-resistant_16S_ribosomal_subunit_protein|CAP16S|RequiresSNPConfirmation,4033.0,3023.0,5373.0,3345.0,8009.0,8028.0,4005.0,3104.0,4480.0,3356.0,7246.0,3130.0,6197.0,3140.0,3329.0,5273.0,5652.0,3523.0,3887.0,6278.0,6893.0,3684.0,2216.0,2275.0,4655.0,5870.0,4579.0,5748.0
MEG_1003|Drugs|Aminoglycosides|Aminoglycoside_O-nucleotidyltransferases|ANT9,26.0,37.0,60.0,25.0,69.0,85.0,28.0,38.0,41.0,56.0,106.0,22.0,65.0,56.0,70.0,55.0,119.0,38.0,35.0,86.0,63.0,20.0,20.0,17.0,64.0,84.0,79.0,94.0
MEG_3815|Drugs|MLS|MLS_resistance_MFS_efflux_pumps|MEFA,555.0,465.0,894.0,471.0,1319.0,1152.0,809.0,529.0,822.0,454.0,1167.0,0,1085.0,646.0,0,929.0,1058.0,0,0,0,993.0,629.0,0,0,677.0,927.0,0,1275.0
MEG_7818|Biocides|Peroxide_resistance|peroxide_resistance_protein|YDEI,0,0,0,0,0,0,5.0,0,0,0,0,0,0,0,11.0,0,7.0,0,0,3.0,0,0,0,0,0,7.0,0,0
MEG_7155|Drugs|Tetracyclines|Tetracycline_resistance_ribosomal_protection_proteins|TETO,85.0,0,182.0,0,0,0,0,0,0,0,161.0,0,145.0,0,0,112.0,0,0,0,0,0,0,0,0,0,0,0,150.0
MEG_2093|Metals|Multi-metal_resistance|Multi-metal_resistance_protein|CORD,0,0,0,0,0,0,0,0,0,0,0,0,0,0,0,0,0,0,0,0,3.0,0,0,0,0,0,0,0
MEG_6993|Drugs|Tetracyclines|Tetracycline_resistance_ribosomal_protection_proteins|TET40,102.0,91.0,208.0,100.0,227.0,220.0,94.0,0,130.0,68.0,167.0,98.0,194.0,73.0,74.0,185.0,207.0,159.0,71.0,177.0,176.0,88.0,84.0,76.0,168.0,192.0,187.0,691.0
MEG_6652|Metals|Copper_resistance|Copper_resistance_protein|TCRB,0,0,766.0,0,0,0,0,0,0,0,160.0,0,0,0,0,0,0,0,0,0,551.0,0,0,116.0,0,0,0,0
MEG_7171|Drugs|Tetracyclines|Tetracycline_resistance_ribosomal_protection_proteins|TETO,86.0,46.0,133.0,47.0,126.0,119.0,162.0,0,102.0,0,128.0,42.0,102.0,40.0,50.0,103.0,145.0,56.0,66.0,130.0,159.0,0,0,51.0,78.0,87.0,80.0,115.0
MEG_7832|Metals|Multi-metal_resistance|Multi-metal_resistance_protein|YGJH,43.0,0,0,0,0,0,0,0,0,0,0,0,0,0,15.0,0,21.0,0,0,0,0,0,0,0,0,7.0,0,0
MEG_4107|Drugs|MLS|23S_rRNA_methyltransferases|MYRA,0,0,14.0,0,0,0,0,0,0,0,14.0,0,0,0,0,0,0,0,0,0,0,0,0,0,0,0,0,36.0
MEG_2448|Metals|Multi-metal_resistance|Multi-metal_RND_efflux_pumps|CUSC,0,0,0,0,0,0,0,0,0,0,0,0,0,0,0,0,31.0,0,0,0,0,0,0,0,0,0,0,0
MEG_2733|Multi-compound|Drug_and_biocide_resistance|Drug_and_biocide_MFS_efflux_pumps|EMRK,0,0,0,0,0,0,0,0,0,0,0,0,0,0,0,0,18.0,0,0,0,0,0,0,0,0,0,0,0
MEG_5815|Metals|Arsenic_resistance|Arsenic_resistance_protein|PSTC,39.0,0,0,0,0,25.0,0,0,0,0,0,0,0,0,41.0,0,39.0,0,0,0,37.0,0,0,0,0,0,0,0
MEG_7210|Drugs|Tetracyclines|Tetracycline_resistance_ribosomal_protection_proteins|TETW,83.0,75.0,115.0,0,132.0,139.0,76.0,69.0,104.0,72.0,150.0,68.0,139.0,57.0,59.0,108.0,179.0,65.0,45.0,125.0,140.0,50.0,39.0,33.0,91.0,114.0,91.0,373.0
MEG_3747|Multi-compound|Drug_and_biocide_and_metal_resistance|Drug_and_biocide_and_metal_RND_efflux_pumps|MDTB,45.0,0,0,0,0,0,0,0,0,0,0,0,0,0,0,0,0,0,0,0,98.0,0,0,0,0,0,0,0
MEG_7178|Drugs|Tetracyclines|Tetracycline_resistance_ribosomal_protection_proteins|TETQ,592.0,490.0,775.0,428.0,1180.0,752.0,851.0,399.0,853.0,425.0,1021.0,516.0,1415.0,545.0,467.0,776.0,1060.0,531.0,456.0,977.0,890.0,823.0,287.0,295.0,698.0,856.0,780.0,1025.0
MEG_1192|Multi-compound|Drug_and_biocide_and_metal_resistance|Drug_and_biocide_and_metal_RND_efflux_regulator|BAER,31.0,0,0,0,0,18.0,0,0,0,0,0,0,0,0,0,0,14.0,0,0,0,30.0,0,0,0,0,0,0,0
MEG_7213|Drugs|Tetracyclines|Tetracycline_resistance_ribosomal_protection_proteins|TETW,249.0,127.0,289.0,104.0,219.0,352.0,152.0,171.0,196.0,197.0,352.0,128.0,288.0,116.0,136.0,220.0,374.0,223.0,160.0,359.0,309.0,177.0,72.0,134.0,222.0,200.0,222.0,844.0
MEG_2835|Drugs|MLS|23S_rRNA_methyltransferases|ERMG,14.0,0,34.0,10.0,53.0,37.0,0,22.0,29.0,25.0,47.0,24.0,39.0,21.0,18.0,37.0,0,26.0,0,53.0,69.0,0,17.0,22.0,192.0,29.0,62.0,0
MEG_7191|Drugs|Tetracyclines|Tetracycline_transcriptional_repressor|TETR|RequiresSNPConfirmation,0,0,0,0,0,0,0,0,0,0,0,0,0,0,0,0,0,0,0,0,0,0,0,0,0,0,0,20.0
MEG_3998|Metals|Multi-metal_resistance|Multi-metal_resistance_protein|MNTH,0,0,0,0,0,0,0,0,0,0,0,0,0,0,18.0,0,24.0,0,0,0,0,0,0,0,0,0,0,0
MEG_6971|Drugs|Tetracyclines|Tetracycline_resistance_ribosomal_protection_proteins|TET32,335.0,172.0,430.0,165.0,385.0,408.0,235.0,205.0,235.0,237.0,426.0,140.0,413.0,171.0,191.0,375.0,432.0,204.0,339.0,488.0,408.0,199.0,108.0,147.0,312.0,214.0,281.0,344.0
MEG_1697|Drugs|betalactams|Class_A_betalactamases|CFX,0,0,0,35.0,99.0,91.0,0,73.0,52.0,41.0,73.0,0,60.0,24.0,59.0,0,58.0,24.0,0,103.0,50.0,0,0,0,0,101.0,61.0,80.0
MEG_6655|Multi-compound|Biocide_and_metal_resistance|Biocide_and_metal_resistance_protein|TEHA,13.0,0,0,0,0,0,0,0,0,0,0,0,0,0,0,0,23.0,0,0,0,27.0,0,0,0,0,0,0,0
MEG_7230|Drugs|Tetracyclines|Tetracycline_resistance_ribosomal_protection_proteins|TETW,125.0,77.0,174.0,77.0,151.0,152.0,68.0,90.0,106.0,92.0,204.0,87.0,143.0,101.0,81.0,144.0,184.0,128.0,76.0,196.0,189.0,62.0,52.0,40.0,167.0,160.0,175.0,451.0
MEG_3255|Biocides|Acid_resistance|Acid_resistance_protein|HDEB,0,0,0,0,0,0,7.0,0,3.0,0,0,0,7.0,0,14.0,0,0,0,0,0,11.0,0,0,9.0,0,0,0,0
MEG_3448|Drugs|Aminoglycosides|Aminoglycoside_efflux_pumps|KDPE,0,0,0,0,0,0,0,0,0,0,0,0,0,0,0,0,22.0,0,0,0,13.0,0,0,0,0,20.0,0,0
MEG_9|Drugs|Aminoglycosides|Aminoglycoside-resistant_16S_ribosomal_subunit_protein|A16S|RequiresSNPConfirmation,6690.0,4603.0,9749.0,5065.0,12296.0,12753.0,6213.0,5061.0,7405.0,5456.0,11960.0,4610.0,10072.0,5259.0,5366.0,8713.0,9755.0,5773.0,6480.0,10350.0,11242.0,5542.0,3002.0,3996.0,7069.0,9224.0,8113.0,9595.0
MEG_1210|Multi-compound|Drug_and_biocide_resistance|Drug_and_biocide_MFS_efflux_pumps|BCR,26.0,0,0,0,0,0,0,0,0,0,0,0,0,0,0,0,0,0,0,0,0,0,0,0,0,0,0,0
MEG_7014|Drugs|Tetracyclines|Tetracycline_resistance_MFS_efflux_pumps|TETA,154.0,50.0,132.0,49.0,132.0,250.0,78.0,80.0,130.0,70.0,254.0,77.0,268.0,179.0,65.0,70.0,177.0,43.0,62.0,146.0,203.0,127.0,30.0,58.0,49.0,113.0,275.0,123.0
MEG_2821|Drugs|MLS|23S_rRNA_methyltransferases|ERMC,15.0,0,51.0,0,0,0,0,0,0,0,50.0,0,0,0,15.0,0,0,0,0,0,12.0,0,0,14.0,0,0,0,26.0
MEG_2722|Multi-compound|Drug_and_biocide_resistance|Drug_and_biocide_MFS_efflux_pumps|EMRA,37.0,0,0,0,0,0,0,0,0,0,0,0,0,0,0,0,0,0,0,0,16.0,0,0,0,0,0,0,0
MEG_6145|Drugs|Aminoglycosides|Aminoglycoside-resistant_16S_ribosomal_subunit_protein|RRSA|RequiresSNPConfirmation,6719.0,4595.0,9687.0,5036.0,12379.0,12845.0,6420.0,4988.0,7630.0,5374.0,12266.0,4449.0,10137.0,5218.0,5446.0,8613.0,9962.0,5830.0,6338.0,10183.0,11350.0,5660.0,2995.0,4001.0,7088.0,9277.0,8064.0,9769.0
MEG_1691|Drugs|betalactams|Class_A_betalactamases|CFX,26.0,49.0,33.0,60.0,98.0,140.0,38.0,74.0,89.0,19.0,138.0,41.0,94.0,0,63.0,68.0,51.0,71.0,45.0,108.0,60.0,52.0,37.0,38.0,50.0,122.0,55.0,95.0
MEG_407|Multi-compound|Drug_and_biocide_and_metal_resistance|Drug_and_biocide_and_metal_RND_efflux_pumps|ACRD,0,0,0,0,0,0,0,0,0,0,0,0,0,0,0,0,43.0,0,0,0,0,0,0,0,0,0,0,0
MEG_6997|Drugs|Tetracyclines|Tetracycline_resistance_ribosomal_protection_proteins|TET44,521.0,386.0,719.0,269.0,398.0,1274.0,470.0,463.0,523.0,499.0,1440.0,356.0,933.0,373.0,348.0,646.0,1102.0,658.0,458.0,1200.0,1758.0,449.0,163.0,280.0,709.0,728.0,782.0,1467.0
MEG_4074|Drugs|MLS|MLS_resistance_ABC_efflux_pumps|MSRD,0,0,0,43.0,0,68.0,0,40.0,58.0,0,81.0,0,94.0,44.0,67.0,48.0,70.0,44.0,0,92.0,91.0,0,0,0,35.0,55.0,84.0,0
MEG_2832|Drugs|MLS|23S_rRNA_methyltransferases|ERMF,0,32.0,10.0,0,0,17.0,21.0,0,27.0,38.0,26.0,18.0,26.0,13.0,0,18.0,19.0,0,13.0,21.0,34.0,37.0,0,17.0,0,39.0,30.0,30.0
MEG_7306|Drugs|Elfamycins|EF-Tu_inhibition|TUFAB|RequiresSNPConfirmation,0,0,713.0,0,0,0,0,0,0,0,1018.0,0,0,0,0,677.0,947.0,0,0,0,999.0,0,0,395.0,0,0,0,1239.0
MEG_7328|Drugs|Cationic_antimicrobial_peptides|Lipid_A_modification|UGD,92.0,0,0,0,0,0,0,0,0,0,0,0,0,0,0,0,0,0,0,0,0,0,0,0,0,125.0,0,0
MEG_6049|Metals|Multi-metal_resistance|Multi-metal_resistance_protein|RCNB,12.0,0,0,0,0,6.0,9.0,0,0,4.0,0,0,0,0,0,0,0,0,0,0,0,0,0,0,0,6.0,0,0
MEG_3992|Drugs|MLS|Macrolide-resistant_23S_rRNA_mutation|MLS23S|RequiresSNPConfirmation,32794.0,21605.0,49775.0,24645.0,59700.0,64915.0,30348.0,25002.0,37700.0,25778.0,62534.0,22121.0,53692.0,26350.0,26624.0,44388.0,45483.0,28263.0,30816.0,53263.0,58249.0,25955.0,14260.0,19902.0,32808.0,44724.0,40802.0,41654.0
MEG_7243|Drugs|Tetracyclines|Tetracycline_inactivation_enzymes|TETX,0,0,0,0,0,0,0,0,97.0,0,0,0,0,0,0,0,0,0,15.0,42.0,0,18.0,0,0,0,0,0,0
MEG_7207|Drugs|Tetracyclines|Tetracycline_resistance_ribosomal_protection_proteins|TETW,109.0,0,94.0,54.0,119.0,155.0,46.0,38.0,94.0,43.0,103.0,45.0,85.0,38.0,59.0,66.0,83.0,60.0,47.0,97.0,111.0,30.0,0,48.0,71.0,88.0,60.0,111.0
MEG_3999|Metals|Multi-metal_resistance|Multi-metal_resistance_protein|MNTP,0,0,0,0,0,13.0,0,0,0,0,0,0,0,0,15.0,0,0,0,0,0,7.0,0,0,0,0,9.0,11.0,0
MEG_2457|Metals|Copper_resistance|Copper_resistance_protein|CUTE,0,0,0,0,0,0,0,0,0,0,0,25.0,0,0,0,0,50.0,0,0,0,28.0,0,0,0,0,0,0,0
MEG_7182|Drugs|Tetracyclines|Tetracycline_resistance_ribosomal_protection_proteins|TETQ,1033.0,1304.0,1576.0,1017.0,2958.0,1896.0,2054.0,1282.0,1932.0,933.0,2601.0,1586.0,1918.0,1295.0,1191.0,1610.0,2275.0,1058.0,1122.0,2228.0,2216.0,1756.0,746.0,821.0,1367.0,1987.0,1955.0,2462.0
MEG_3764|Multi-compound|Drug_and_biocide_resistance|Drug_and_biocide_RND_efflux_pumps|MDTO,0,0,0,0,0,0,0,0,0,0,0,0,0,0,0,0,68.0,0,0,0,63.0,0,0,0,0,42.0,0,0
MEG_4170|Metals|Nickel_resistance|Nickel_ABC_efflux_pumps|NIKC,34.0,0,0,0,0,16.0,0,0,0,0,0,0,0,0,25.0,0,33.0,0,0,0,32.0,0,0,0,0,23.0,0,0
MEG_7237|Drugs|Tetracyclines|Tetracycline_resistance_ribosomal_protection_proteins|TETW,0,0,66.0,34.0,0,0,45.0,39.0,0,0,0,0,0,0,0,82.0,0,0,0,0,106.0,0,0,0,0,72.0,44.0,158.0
MEG_6050|Metals|Multi-metal_resistance|Multi-metal_resistance_regulator|RCNR,7.0,0,0,0,0,5.0,8.0,0,2.0,0,0,0,5.0,0,4.0,0,2.0,0,0,0,11.0,0,0,0,0,0,0,0
MEG_2875|Biocides|Phenolic_compound_resistance|Phenolic_resistance_protein|FABI,0,0,0,0,0,0,0,0,0,0,0,0,0,0,0,0,20.0,0,0,0,0,0,0,0,0,0,0,0
MEG_2848|Drugs|MLS|23S_rRNA_methyltransferases|ERMT,0,0,0,0,0,0,0,0,36.0,0,23.0,0,0,0,0,0,10.0,0,0,13.0,0,15.0,0,0,0,0,0,0
MEG_4095|Drugs|Fosfomycin|Fosfomycin_target_mutation|MURA|RequiresSNPConfirmation,0,0,0,0,0,0,0,0,0,0,0,0,0,0,30.0,0,53.0,0,0,0,0,0,0,0,0,21.0,0,0
MEG_4289|Drugs|betalactams|Mutant_porin_proteins|OMPFB|RequiresSNPConfirmation,57.0,0,0,0,0,0,0,0,0,0,0,0,0,0,0,0,45.0,0,0,0,0,0,0,0,0,0,0,0
MEG_1182|Biocides|Acid_resistance|Acid_resistance_protein|ASR,0,0,0,0,0,0,0,0,0,0,0,0,0,0,0,0,0,0,0,0,10.0,0,0,0,0,0,0,0
MEG_7231|Drugs|Tetracyclines|Tetracycline_resistance_ribosomal_protection_proteins|TETW,328.0,136.0,291.0,160.0,268.0,446.0,125.0,175.0,237.0,194.0,424.0,152.0,333.0,146.0,182.0,314.0,407.0,225.0,186.0,445.0,376.0,213.0,76.0,140.0,346.0,262.0,325.0,827.0
MEG_3081|Multi-compound|Drug_and_biocide_resistance|Drug_and_biocide_RND_efflux_regulator|GADW,0,0,0,0,0,0,0,0,0,0,0,11.0,0,0,0,0,21.0,0,0,0,45.0,0,24.0,14.0,0,20.0,0,0
MEG_4051|Drugs|MLS|Macrolide_phosphotransferases|MPHN,578.0,273.0,1272.0,232.0,767.0,741.0,393.0,418.0,470.0,229.0,989.0,335.0,856.0,459.0,315.0,533.0,738.0,152.0,214.0,564.0,1416.0,653.0,178.0,347.0,368.0,542.0,591.0,845.0
MEG_1689|Drugs|betalactams|Class_A_betalactamases|CFX,26.0,56.0,40.0,50.0,96.0,135.0,63.0,68.0,88.0,45.0,119.0,70.0,78.0,0,53.0,75.0,0,43.0,21.0,111.0,56.0,36.0,42.0,0,62.0,124.0,77.0,76.0
MEG_3751|Multi-compound|Drug_and_biocide_resistance|Drug_and_biocide_RND_efflux_pumps|MDTE,25.0,0,0,0,0,25.0,0,0,0,0,0,0,0,0,0,0,0,0,0,0,0,0,0,0,0,33.0,0,0
MEG_1692|Drugs|betalactams|Class_A_betalactamases|CFX,0,74.0,49.0,0,149.0,119.0,85.0,104.0,0,0,164.0,97.0,126.0,73.0,82.0,107.0,67.0,77.0,0,140.0,74.0,50.0,0,51.0,77.0,153.0,74.0,107.0
MEG_2805|Drugs|MLS|23S_rRNA_methyltransferases|ERMB,0,0,0,0,0,0,0,0,0,0,0,0,0,0,0,0,0,0,0,0,0,0,0,0,0,0,0,6.0
MEG_6504|Metals|Multi-metal_resistance|Multi-metal_RND_efflux_pumps|SILF,0,0,0,0,0,0,0,0,0,0,0,0,0,0,0,0,0,0,0,0,0,0,0,0,0,8.0,0,0
MEG_3814|Drugs|MLS|MLS_resistance_MFS_efflux_pumps|MEFA,709.0,562.0,1031.0,553.0,1458.0,1161.0,866.0,564.0,953.0,537.0,1235.0,773.0,1185.0,0,537.0,1025.0,1157.0,572.0,550.0,1140.0,1105.0,696.0,388.0,445.0,752.0,1011.0,831.0,1331.0
MEG_7166|Drugs|Tetracyclines|Tetracycline_resistance_ribosomal_protection_proteins|TETO,109.0,87.0,176.0,107.0,237.0,160.0,148.0,0,111.0,0,190.0,61.0,141.0,61.0,62.0,151.0,145.0,0,0,132.0,256.0,89.0,43.0,76.0,112.0,0,0,174.0
MEG_7835|Multi-compound|Biocide_and_metal_resistance|Biocide_and_metal_resistance_protein|YIEF,20.0,0,0,0,0,11.0,0,0,13.0,0,0,0,0,0,7.0,0,37.0,0,0,0,27.0,0,0,14.0,0,11.0,0,0
MEG_2828|Drugs|MLS|23S_rRNA_methyltransferases|ERMF,11.0,0,0,0,0,0,0,0,0,29.0,0,0,21.0,0,0,0,0,0,0,21.0,0,0,0,8.0,0,30.0,13.0,0
MEG_7162|Drugs|Tetracyclines|Tetracycline_resistance_ribosomal_protection_proteins|TETO,170.0,156.0,319.0,123.0,327.0,283.0,246.0,139.0,177.0,125.0,289.0,102.0,210.0,97.0,128.0,180.0,265.0,190.0,137.0,236.0,386.0,116.0,82.0,121.0,164.0,183.0,158.0,285.0
MEG_4012|Metals|Multi-metal_resistance|Multi-metal_ABC_efflux_pumps|MODC,25.0,0,0,0,0,0,0,0,0,0,0,0,0,0,19.0,0,22.0,0,0,0,32.0,0,0,0,0,13.0,0,0
MEG_7858|Metals|Zinc_resistance|Zinc_resistance_protein|ZNUB,7.0,0,0,0,0,0,0,0,0,0,0,0,0,0,0,0,25.0,0,0,0,0,0,0,0,0,0,0,0
MEG_7309|Drugs|Elfamycins|EF-Tu_inhibition|TUFAB|RequiresSNPConfirmation,0,0,556.0,0,829.0,847.0,0,284.0,0,0,0,0,0,0,389.0,0,0,0,0,0,569.0,0,0,0,0,615.0,0,0
MEG_2898|Multi-compound|Biocide_and_metal_resistance|Biocide_and_metal_ABC_efflux_pumps|FETA,5.0,0,0,0,0,0,0,0,0,0,0,0,0,0,0,0,27.0,0,0,0,17.0,0,0,0,0,17.0,0,0
MEG_7176|Drugs|Tetracyclines|Tetracycline_resistance_ribosomal_protection_proteins|TETO,174.0,59.0,117.0,74.0,126.0,210.0,42.0,49.0,123.0,78.0,155.0,50.0,165.0,54.0,79.0,161.0,110.0,79.0,134.0,208.0,136.0,49.0,39.0,73.0,139.0,135.0,90.0,146.0
MEG_7227|Drugs|Tetracyclines|Tetracycline_resistance_ribosomal_protection_proteins|TETW,353.0,174.0,383.0,211.0,312.0,482.0,214.0,205.0,301.0,251.0,489.0,196.0,406.0,128.0,196.0,432.0,412.0,309.0,237.0,570.0,473.0,183.0,108.0,169.0,390.0,317.0,348.0,895.0
MEG_4006|Metals|Multi-metal_resistance|Multi-metal_ABC_efflux_pumps|MODB,14.0,0,0,0,0,0,0,0,0,0,0,0,0,0,0,0,0,0,0,0,10.0,0,0,0,0,0,0,0
MEG_2830|Drugs|MLS|23S_rRNA_methyltransferases|ERMF,0,0,0,0,0,0,0,0,0,15.0,0,0,20.0,0,0,0,0,0,0,0,0,0,0,0,0,11.0,0,0
MEG_1016|Drugs|Aminoglycosides|Aminoglycoside_O-phosphotransferases|APH2-DPRIME,23.0,0,16.0,0,19.0,8.0,0,0,11.0,10.0,33.0,0,10.0,0,14.0,0,17.0,0,0,27.0,8.0,18.0,8.0,0,0,0,10.0,43.0
MEG_7218|Drugs|Tetracyclines|Tetracycline_resistance_ribosomal_protection_proteins|TETW,309.0,56.0,191.0,101.0,174.0,369.0,93.0,98.0,175.0,92.0,246.0,96.0,244.0,85.0,107.0,182.0,170.0,160.0,81.0,246.0,179.0,103.0,36.0,93.0,216.0,190.0,175.0,232.0
MEG_7320|Drugs|Elfamycins|EF-Tu_inhibition|TUFAB|RequiresSNPConfirmation,0,0,491.0,0,0,0,0,392.0,0,0,1063.0,0,0,0,0,0,0,0,0,809.0,659.0,0,0,0,0,0,0,0
MEG_3755|Multi-compound|Drug_and_biocide_resistance|Drug_and_biocide_MFS_efflux_pumps|MDTH,19.0,0,0,0,0,0,0,0,0,0,0,0,0,0,0,0,0,0,0,0,0,0,0,0,0,0,0,0
MEG_4177|Metals|Nickel_resistance|Nickel_ABC_efflux_regulator|NIKR,11.0,0,0,0,0,11.0,0,0,0,0,0,21.0,0,0,5.0,0,10.0,0,0,0,0,0,6.0,0,7.0,0,0,0
MEG_7854|Metals|Zinc_resistance|Zinc_resistance_regulator|ZNTR,10.0,0,0,0,3.0,10.0,0,0,0,0,0,6.0,8.0,0,0,12.0,19.0,0,0,5.0,0,0,0,0,0,5.0,0,0
MEG_6141|Biocides|Multi-biocide_resistance|Multi-biocide_resistance_regulator|RPOS,26.0,0,0,0,0,0,0,0,0,0,0,0,0,0,13.0,0,0,0,0,0,0,0,0,0,0,10.0,0,0
MEG_7864|Metals|Multi-metal_resistance|Multi-metal_resistance_regulator|ZRAS,0,0,0,0,0,0,0,0,0,0,0,0,0,0,0,0,0,0,0,0,0,0,0,0,0,25.0,0,0
MEG_4033|Drugs|MLS|Macrolide_phosphotransferases|MPHB,0,8.0,0,0,0,0,0,0,0,0,0,0,0,0,0,0,16.0,0,0,0,0,0,0,0,0,0,0,0
MEG_3824|Drugs|MLS|MLS_resistance_MFS_efflux_pumps|MEFA,39.0,64.0,67.0,31.0,0,112.0,0,0,0,0,133.0,54.0,124.0,33.0,0,84.0,89.0,53.0,40.0,0,70.0,69.0,27.0,0,0,186.0,0,0
MEG_3287|Biocides|Peroxide_resistance|Peroxide_resistance_stress_protein|IBPA,10.0,0,11.0,0,6.0,0,0,0,0,0,0,10.0,17.0,0,0,0,15.0,0,0,0,10.0,0,4.0,0,0,16.0,0,0
MEG_7217|Drugs|Tetracyclines|Tetracycline_resistance_ribosomal_protection_proteins|TETW,103.0,97.0,160.0,75.0,192.0,255.0,133.0,90.0,156.0,74.0,197.0,146.0,209.0,117.0,85.0,118.0,263.0,136.0,80.0,157.0,230.0,86.0,63.0,33.0,129.0,184.0,146.0,574.0
MEG_399|Multi-compound|Drug_and_biocide_resistance|Drug_and_biocide_RND_efflux_pumps|ACRA,26.0,0,0,0,0,0,15.0,0,0,0,0,0,0,0,0,0,0,0,0,0,18.0,0,0,0,0,25.0,0,0
MEG_6962|Metals|Tellurium_resistance|Tellurium_resistance_protein|TERZ,13.0,0,0,0,0,0,0,0,0,0,0,0,0,0,0,0,0,0,0,0,0,0,0,0,0,0,0,0
MEG_7174|Drugs|Tetracyclines|Tetracycline_resistance_ribosomal_protection_proteins|TETO,0,0,0,0,0,0,0,0,0,0,0,0,0,0,0,0,0,0,0,0,0,0,0,0,0,0,0,99.0
MEG_6653|Metals|Copper_resistance|Copper_resistance_protein|TCRY,26.0,0,182.0,0,0,10.0,0,0,0,0,47.0,0,29.0,10.0,0,33.0,14.0,0,0,0,155.0,0,0,27.0,37.0,0,0,76.0
MEG_2729|Multi-compound|Drug_and_biocide_resistance|Drug_and_biocide_MFS_efflux_pumps|EMRD,18.0,0,0,0,0,0,0,0,0,0,0,0,0,0,0,0,50.0,0,0,0,31.0,0,0,0,0,28.0,0,0
MEG_7263|Biocides|Multi-biocide_resistance|Multi-biocide_RND_efflux_pump|TOLC,0,0,0,0,0,0,0,0,0,0,0,0,0,0,13.0,0,0,0,0,0,26.0,0,0,0,0,0,0,0
MEG_3993|Drugs|MLS|Macrolide-resistant_23S_rRNA_mutation|MLS23S|RequiresSNPConfirmation,0,0,2376.0,0,0,0,0,0,0,0,0,0,0,0,0,0,0,0,0,0,0,0,0,0,0,0,0,0
MEG_2440|Metals|Copper_resistance|Copper_resistance_protein|CUEO,0,0,0,0,0,0,0,0,0,0,0,0,0,0,28.0,0,45.0,0,0,0,31.0,0,0,0,0,36.0,0,0
MEG_1164|Metals|Multi-metal_resistance|Multi-metal_resistance_protein|ARSCM,9.0,0,0,0,0,0,0,0,0,0,0,0,0,0,5.0,0,0,0,0,0,11.0,0,0,0,0,0,0,0
MEG_2732|Multi-compound|Drug_and_biocide_resistance|Drug_and_biocide_MFS_efflux_pumps|EMRK,0,0,0,0,0,0,0,0,0,0,0,0,0,0,0,0,27.0,0,0,0,0,0,0,0,0,0,0,0
MEG_4171|Metals|Nickel_resistance|Nickel_ABC_efflux_pumps|NIKD,0,0,0,0,0,0,0,10.0,0,0,0,0,0,0,0,0,21.0,0,0,0,0,0,0,0,0,11.0,0,0
MEG_1009|Drugs|Aminoglycosides|Aminoglycoside_O-phosphotransferases|APH2-DPRIME,0,0,0,0,0,0,0,0,0,0,0,0,0,0,0,30.0,0,0,0,0,0,0,0,0,0,0,0,141.0
MEG_2|Drugs|Aminoglycosides|Aminoglycoside-resistant_16S_ribosomal_subunit_protein|A16S|RequiresSNPConfirmation,4691.0,3584.0,6831.0,3703.0,9986.0,9553.0,4798.0,3483.0,5421.0,3881.0,8615.0,3649.0,7336.0,3819.0,4050.0,6569.0,6879.0,4201.0,4802.0,7485.0,8316.0,4412.0,3036.0,2745.0,5555.0,6725.0,5336.0,6875.0
MEG_415|Multi-compound|Drug_and_biocide_resistance|Drug_and_biocide_RND_efflux_regulator|ACRS,20.0,13.0,0,8.0,0,0,7.0,0,0,0,0,0,0,0,0,0,0,0,0,0,0,0,0,0,0,10.0,0,0
MEG_7303|Drugs|Elfamycins|EF-Tu_inhibition|TUFAB|RequiresSNPConfirmation,1283.0,1014.0,2316.0,1061.0,2000.0,2677.0,1300.0,968.0,2052.0,993.0,2573.0,1068.0,2306.0,1039.0,1175.0,1612.0,1776.0,1088.0,1150.0,2266.0,2462.0,1046.0,592.0,858.0,1432.0,1943.0,1578.0,1631.0
MEG_3975|Drugs|MLS|Macrolide-resistant_23S_rRNA_mutation|MLS23S|RequiresSNPConfirmation,0,0,2641.0,0,0,0,0,0,0,0,3050.0,0,0,0,0,2062.0,2820.0,0,0,0,2966.0,0,0,1182.0,0,0,0,2618.0
MEG_2739|Drugs|Cationic_antimicrobial_peptides|Lipid_A_modification|EPTA,52.0,0,0,0,0,44.0,0,0,0,0,0,0,0,0,0,0,36.0,0,0,0,52.0,0,0,0,0,47.0,0,0
MEG_1690|Drugs|betalactams|Class_A_betalactamases|CFX,0,0,23.0,0,81.0,90.0,47.0,65.0,63.0,0,86.0,0,89.0,0,0,57.0,69.0,35.0,0,114.0,47.0,34.0,0,0,64.0,110.0,0,64.0
MEG_7813|Multi-compound|Biocide_and_metal_resistance|Biocide_and_metal_resistance_protein|YCHH,6.0,4.0,2.0,0,0,0,0,0,0,0,0,0,0,0,6.0,0,0,0,0,0,5.0,2.0,0,0,0,8.0,0,0
MEG_2446|Metals|Multi-metal_resistance|Multi-metal_RND_efflux_pumps|CUSA,67.0,0,0,0,0,0,0,0,0,0,0,0,0,0,0,0,81.0,0,0,0,65.0,0,0,0,0,64.0,0,0
MEG_7862|Metals|Zinc_resistance|Zinc_resistance_regulator|ZRAR,25.0,0,0,0,0,0,0,0,0,0,0,0,0,0,15.0,0,58.0,0,0,0,28.0,0,0,0,0,0,0,0
MEG_6144|Drugs|Aminoglycosides|Aminoglycoside-resistant_16S_ribosomal_subunit_protein|RPSL|RequiresSNPConfirmation,0,0,154.0,0,0,0,0,0,0,0,184.0,0,0,0,0,0,0,0,0,0,0,0,0,85.0,0,0,0,138.0
MEG_3080|Biocides|Acid_resistance|Acid_resistance_regulator|GADE,0,11.0,0,0,0,0,0,7.0,0,0,0,0,0,0,0,0,0,0,0,0,0,0,0,0,0,7.0,0,0
MEG_7233|Drugs|Tetracyclines|Tetracycline_resistance_ribosomal_protection_proteins|TETW,344.0,139.0,355.0,155.0,262.0,412.0,137.0,146.0,225.0,207.0,403.0,176.0,382.0,168.0,128.0,265.0,391.0,247.0,180.0,430.0,381.0,156.0,69.0,102.0,279.0,227.0,308.0,690.0
MEG_1173|Metals|Arsenic_resistance|Arsenic_resistance_regulator|ARSR,6.0,0,2.0,0,0,5.0,0,0,0,0,0,0,7.0,0,39.0,0,13.0,3.0,0,0,10.0,0,0,6.0,0,5.0,0,0
MEG_7163|Drugs|Tetracyclines|Tetracycline_resistance_ribosomal_protection_proteins|TETO,55.0,0,77.0,49.0,104.0,98.0,84.0,57.0,68.0,43.0,91.0,59.0,118.0,56.0,0,70.0,108.0,53.0,37.0,73.0,108.0,0,31.0,0,75.0,81.0,61.0,247.0
MEG_6651|Metals|Copper_resistance|Copper_resistance_protein|TCRA,153.0,0,1062.0,0,0,0,0,0,0,0,271.0,0,171.0,0,0,168.0,112.0,0,0,0,856.0,0,0,189.0,153.0,0,0,289.0
MEG_1180|Drugs|Multi-drug_resistance|Multi-drug_RND_efflux_regulator|ASMA,0,0,0,0,0,0,0,0,0,0,0,0,0,0,0,0,0,0,0,0,55.0,0,0,0,0,0,0,0
MEG_7321|Drugs|Elfamycins|EF-Tu_inhibition|TUFAB|RequiresSNPConfirmation,603.0,0,854.0,480.0,971.0,1017.0,570.0,447.0,667.0,450.0,1246.0,427.0,1032.0,501.0,491.0,652.0,785.0,0,414.0,870.0,1071.0,479.0,331.0,400.0,575.0,792.0,736.0,726.0
MEG_5819|Drugs|Fosfomycin|Fosfomycin_target_mutation|PTSL|RequiresSNPConfirmation,58.0,0,0,0,0,0,0,0,0,0,0,0,0,0,46.0,0,43.0,0,0,0,56.0,0,0,0,0,0,0,0
MEG_7310|Drugs|Elfamycins|EF-Tu_inhibition|TUFAB|RequiresSNPConfirmation,459.0,384.0,799.0,0,1488.0,710.0,785.0,0,622.0,0,784.0,380.0,0,408.0,348.0,0,695.0,0,0,0,904.0,783.0,542.0,0,0,713.0,524.0,0
MEG_7179|Drugs|Tetracyclines|Tetracycline_resistance_ribosomal_protection_proteins|TETQ,556.0,637.0,802.0,574.0,1740.0,905.0,1190.0,633.0,923.0,538.0,1242.0,796.0,1041.0,771.0,592.0,870.0,1099.0,559.0,524.0,1079.0,1110.0,861.0,366.0,395.0,625.0,1043.0,975.0,1370.0
MEG_3978|Drugs|MLS|Macrolide-resistant_23S_rRNA_mutation|MLS23S|RequiresSNPConfirmation,0,3055.0,4655.0,2984.0,10745.0,0,5387.0,0,0,0,6562.0,0,0,0,0,3636.0,5273.0,0,0,5079.0,5853.0,0,3572.0,1945.0,0,5387.0,0,7768.0
MEG_6542|Biocides|Peroxide_resistance|peroxide_resistance_protein|SODA,0,0,0,0,0,0,0,0,0,0,0,0,0,0,0,0,14.0,0,0,0,0,0,0,0,0,0,0,0
MEG_1680|Drugs|MLS|23S_rRNA_methyltransferases|CFR,28.0,0,0,65.0,103.0,0,0,58.0,0,0,128.0,53.0,60.0,54.0,57.0,36.0,41.0,30.0,0,0,280.0,93.0,0,58.0,550.0,0,75.0,160.0
MEG_3663|Multi-compound|Drug_and_biocide_resistance|Drug_and_biocide_RND_efflux_regulator|MARR,8.0,7.0,0,0,0,0,0,0,0,0,0,0,0,0,0,0,12.0,0,0,0,14.0,0,0,0,0,0,0,0
MEG_7314|Drugs|Elfamycins|EF-Tu_inhibition|TUFAB|RequiresSNPConfirmation,887.0,0,905.0,646.0,1170.0,1825.0,667.0,0,908.0,828.0,1935.0,545.0,1434.0,0,783.0,0,1412.0,836.0,787.0,1602.0,1449.0,0,0,0,987.0,1345.0,1132.0,0
MEG_3606|Drugs|MLS|Lincosamide_nucleotidyltransferases|LNUA,85.0,121.0,120.0,115.0,157.0,118.0,115.0,100.0,117.0,45.0,168.0,67.0,85.0,66.0,59.0,174.0,92.0,75.0,70.0,123.0,63.0,37.0,98.0,34.0,50.0,205.0,103.0,90.0
MEG_2846|Drugs|MLS|23S_rRNA_methyltransferases|ERMT,0,0,0,0,0,0,0,0,10.0,0,0,0,0,0,0,0,0,0,0,0,0,0,0,0,0,0,0,0
MEG_1679|Drugs|MLS|23S_rRNA_methyltransferases|CFR,0,0,0,0,0,0,0,0,0,0,0,0,0,0,0,0,0,0,0,0,0,0,0,0,92.0,0,0,35.0
MEG_997|Drugs|Aminoglycosides|Aminoglycoside_O-nucleotidyltransferases|ANT6,58.0,32.0,34.0,15.0,51.0,140.0,53.0,92.0,30.0,43.0,136.0,34.0,178.0,80.0,39.0,96.0,181.0,73.0,51.0,157.0,59.0,35.0,16.0,30.0,56.0,129.0,74.0,102.0
MEG_7819|Biocides|Multi-biocide_resistance|Multi-biocide_resistance_regulator|YDEO,0,0,0,0,9.0,0,0,0,0,0,0,19.0,0,0,15.0,0,10.0,0,0,0,25.0,0,0,0,0,0,0,0
MEG_6142|Drugs|Mycobacterium_tuberculosis-specific_Drug|Pyrazinamide-resistant_mutant|RPSA|RequiresSNPConfirmation,0,0,298.0,0,0,0,0,0,0,0,308.0,0,0,0,0,0,0,0,0,0,202.0,0,0,0,0,0,0,192.0
MEG_7841|Multi-compound|Biocide_and_metal_resistance|Biocide_and_metal_resistance_protein|YODB,0,0,0,3.0,0,0,0,0,0,0,0,0,6.0,0,8.0,0,10.0,0,0,0,5.0,0,0,0,0,2.0,0,0
MEG_3254|Biocides|Acid_resistance|Acid_resistance_protein|HDEB,0,0,0,0,0,0,0,0,0,0,0,0,0,0,7.0,0,0,0,0,0,0,0,0,0,0,0,0,0
MEG_7153|Drugs|Tetracyclines|Tetracycline_resistance_ribosomal_protection_proteins|TETO,146.0,102.0,252.0,74.0,273.0,166.0,136.0,81.0,102.0,115.0,206.0,60.0,203.0,81.0,93.0,138.0,203.0,80.0,67.0,151.0,247.0,119.0,67.0,104.0,158.0,135.0,146.0,204.0
MEG_1000|Drugs|Aminoglycosides|Aminoglycoside_O-nucleotidyltransferases|ANT6,0,0,24.0,0,0,0,0,0,0,0,0,0,0,0,0,0,0,0,0,0,0,0,0,0,0,0,0,0
MEG_3819|Drugs|MLS|MLS_resistance_MFS_efflux_pumps|MEFA,0,0,110.0,0,104.0,0,85.0,96.0,118.0,69.0,165.0,0,134.0,92.0,0,123.0,121.0,68.0,78.0,191.0,141.0,131.0,47.0,0,116.0,177.0,0,128.0
MEG_7154|Drugs|Tetracyclines|Tetracycline_resistance_ribosomal_protection_proteins|TETO,222.0,147.0,390.0,149.0,452.0,285.0,215.0,158.0,211.0,157.0,379.0,105.0,321.0,135.0,158.0,251.0,244.0,165.0,160.0,252.0,369.0,136.0,108.0,117.0,208.0,264.0,241.0,348.0
MEG_2834|Drugs|MLS|23S_rRNA_methyltransferases|ERMG,0,8.0,26.0,0,25.0,12.0,0,0,34.0,0,16.0,10.0,28.0,0,0,14.0,24.0,22.0,12.0,15.0,33.0,0,0,0,34.0,26.0,27.0,19.0
MEG_3980|Drugs|MLS|Macrolide-resistant_23S_rRNA_mutation|MLS23S|RequiresSNPConfirmation,0,0,2252.0,0,0,0,0,0,0,0,2691.0,0,0,0,1397.0,2062.0,0,0,0,0,2377.0,0,0,1152.0,0,0,0,2266.0
MEG_2447|Metals|Multi-metal_resistance|Multi-metal_RND_efflux_pumps|CUSB,18.0,0,0,0,0,0,0,0,0,0,0,0,0,0,0,0,26.0,0,0,0,0,0,0,0,0,27.0,0,0
MEG_7831|Multi-compound|Biocide_and_metal_resistance|Biocide_and_metal_resistance_protein|YGIW,0,5.0,0,0,0,0,7.0,0,0,0,0,0,0,0,0,0,4.0,0,0,0,4.0,0,0,0,0,0,0,9.0
MEG_2453|Metals|Multi-metal_resistance|Multi-metal_RND_efflux_regulator|CUSS,0,0,0,0,0,0,0,0,0,0,0,0,0,0,0,0,34.0,0,0,0,21.0,0,0,0,0,24.0,0,0
MEG_7833|Multi-compound|Biocide_and_metal_resistance|Biocide_and_metal_resistance_protein|YHCN,10.0,0,0,0,0,6.0,0,0,0,0,0,4.0,7.0,0,8.0,0,16.0,0,0,0,15.0,0,0,0,0,33.0,0,0
MEG_5814|Metals|Arsenic_resistance|Arsenic_resistance_protein|PSTB,49.0,55.0,0,0,0,82.0,0,0,0,0,0,0,53.0,0,0,0,0,0,0,0,142.0,0,0,35.0,0,52.0,0,0
MEG_6577|Biocides|Multi-biocide_resistance|Multi-biocide_SMR_efflux_pump|SUGE,0,0,0,0,0,0,0,0,0,0,0,0,0,0,0,0,13.0,0,0,0,0,0,0,0,0,0,0,0
MEG_2734|Multi-compound|Drug_and_biocide_resistance|Drug_and_biocide_MFS_efflux_regulator|EMRR,21.0,0,0,0,0,0,0,0,0,0,0,18.0,10.0,0,0,0,0,0,0,0,11.0,0,0,0,0,15.0,0,0
MEG_1688|Drugs|betalactams|Class_A_betalactamases|CFX,0,0,0,0,0,64.0,0,0,0,0,0,0,0,0,0,0,0,0,0,38.0,0,0,0,0,0,69.0,0,37.0
MEG_3987|Drugs|MLS|Macrolide-resistant_23S_rRNA_mutation|MLS23S|RequiresSNPConfirmation,0,0,0,0,6353.0,5754.0,0,2921.0,0,0,0,0,5252.0,0,0,0,0,0,0,0,0,0,0,0,0,4940.0,0,0
MEG_4164|Metals|Sodium_resistance|Sodium_resistance_protein|NHAB,0,0,0,0,0,0,0,0,0,0,0,0,0,0,0,0,22.0,0,0,0,36.0,0,0,0,0,0,0,0
MEG_2017|Metals|Copper_resistance|Copper_resistance_regulator|COMR,0,0,0,0,0,0,0,0,0,0,0,0,0,0,0,0,13.0,0,0,0,0,0,0,0,0,0,0,0
MEG_7856|Metals|Zinc_resistance|Zinc_resistance_protein|ZNUA,0,0,0,0,0,12.0,19.0,0,0,0,0,0,0,0,0,0,0,0,0,0,0,0,0,0,0,0,0,0
MEG_6138|Drugs|Glycopeptides|Vancomycin-resistant_mutation|RPOC|RequiresSNPConfirmation,2230.0,1536.0,3085.0,1405.0,3369.0,4323.0,1910.0,1858.0,2521.0,1446.0,4355.0,1474.0,3278.0,1844.0,1821.0,2011.0,3324.0,1535.0,1680.0,3489.0,4306.0,1886.0,897.0,1224.0,1910.0,2390.0,3216.0,2945.0
MEG_4223|Drugs|Oxazolidinone|Oxazolidinone-resistant_23S_rRNA_mutation|O23S|RequiresSNPConfirmation,35468.0,22445.0,56888.0,25174.0,57189.0,70917.0,29091.0,25284.0,39840.0,25985.0,65302.0,21891.0,53091.0,26273.0,27496.0,46072.0,48515.0,28838.0,31238.0,54506.0,65565.0,27938.0,15269.0,21043.0,35540.0,45944.0,37312.0,48992.0
MEG_6082|Multi-compound|Drug_and_biocide_and_metal_resistance|Drug_and_biocide_and_metal_RND_efflux_pumps|ROBA,16.0,24.0,0,0,0,0,0,0,0,0,0,0,18.0,0,0,0,0,0,0,0,29.0,0,0,24.0,0,17.0,0,0
MEG_7849|Metals|Multi-metal_resistance|Multi-metal_resistance_protein|ZINT,0,0,0,0,0,0,0,0,0,0,0,0,0,0,17.0,0,19.0,0,0,0,33.0,0,0,0,0,9.0,0,0
MEG_7315|Drugs|Elfamycins|EF-Tu_inhibition|TUFAB|RequiresSNPConfirmation,0,0,0,0,0,0,0,0,0,0,0,0,0,0,0,0,0,0,0,0,0,0,0,0,0,393.0,0,0
MEG_2810|Drugs|MLS|23S_rRNA_methyltransferases|ERMC,0,0,23.0,0,0,0,0,0,0,0,38.0,0,0,0,0,0,0,0,0,0,26.0,0,0,0,0,0,0,0
MEG_5400|Drugs|betalactams|Penicillin_binding_protein|PBP2,0,0,0,0,0,0,0,0,0,0,0,0,0,0,0,0,42.0,0,0,0,0,0,0,0,0,0,0,0
MEG_1686|Drugs|betalactams|Class_A_betalactamases|CFX,137.0,243.0,192.0,276.0,589.0,387.0,320.0,225.0,264.0,199.0,506.0,321.0,288.0,255.0,225.0,328.0,213.0,183.0,162.0,458.0,356.0,225.0,147.0,154.0,255.0,532.0,271.0,325.0
MEG_3295|Drugs|Mupirocin|Mupirocin-resistant_isoleucyl-tRNA_synthetase|ILES,0,0,0,0,0,0,0,0,0,0,0,0,0,0,0,0,0,0,0,0,315.0,0,0,0,0,0,0,0
MEG_7859|Metals|Zinc_resistance|Zinc_resistance_protein|ZNUC,0,0,0,0,0,16.0,0,0,0,0,0,0,11.0,0,0,0,0,0,0,0,9.0,0,0,0,0,0,0,0
MEG_6147|Drugs|Aminoglycosides|Aminoglycoside-resistant_16S_ribosomal_subunit_protein|RRSH|RequiresSNPConfirmation,4414.0,3187.0,6307.0,3474.0,8581.0,8873.0,4515.0,3312.0,5066.0,3718.0,7695.0,3310.0,6801.0,3476.0,3882.0,5965.0,6751.0,4077.0,4384.0,7220.0,7466.0,3774.0,2429.0,2616.0,4788.0,6170.0,5054.0,6341.0
MEG_2456|Metals|Copper_resistance|Copper_resistance_protein|CUTC,14.0,0,0,0,0,0,0,0,0,0,0,0,0,0,0,0,0,0,0,0,0,0,0,0,0,0,0,0
MEG_7184|Drugs|Tetracyclines|Tetracycline_resistance_ribosomal_protection_proteins|TETQ,453.0,418.0,598.0,318.0,862.0,814.0,654.0,499.0,705.0,281.0,765.0,425.0,710.0,542.0,300.0,508.0,815.0,396.0,366.0,645.0,675.0,676.0,342.0,279.0,516.0,550.0,581.0,641.0
MEG_7319|Drugs|Elfamycins|EF-Tu_inhibition|TUFAB|RequiresSNPConfirmation,644.0,446.0,1053.0,445.0,1036.0,1203.0,676.0,498.0,741.0,444.0,1208.0,0,979.0,542.0,500.0,671.0,817.0,454.0,457.0,973.0,1223.0,489.0,0,419.0,684.0,866.0,715.0,860.0
MEG_185|Drugs|Aminoglycosides|Aminoglycoside_N-acetyltransferases|AAC6-PRIME,0,0,0,0,0,0,0,0,0,0,0,0,0,0,0,0,0,0,0,0,47.0,0,0,0,0,0,0,0
MEG_6963|Drugs|Tetracyclines|Tetracycline-resistant_16S_ribosomal_subunit_protein|TET16S|RequiresSNPConfirmation,6932.0,0,9860.0,5399.0,14077.0,14149.0,0,5195.0,8142.0,5712.0,13222.0,0,11513.0,0,5748.0,9355.0,10118.0,6145.0,6480.0,10480.0,12751.0,6646.0,3143.0,0,0,9223.0,8574.0,9556.0
MEG_995|Drugs|Aminoglycosides|Aminoglycoside_O-nucleotidyltransferases|ANT6,0,0,51.0,0,0,0,0,0,0,0,0,0,0,0,0,0,0,0,0,0,38.0,0,0,0,0,0,0,0
MEG_6970|Drugs|Tetracyclines|Tetracycline_resistance_ribosomal_protection_proteins|TET32,603.0,212.0,894.0,271.0,650.0,980.0,437.0,341.0,485.0,402.0,818.0,284.0,817.0,257.0,357.0,723.0,700.0,403.0,384.0,1052.0,807.0,344.0,127.0,229.0,612.0,494.0,494.0,496.0
MEG_6146|Drugs|Aminoglycosides|Aminoglycoside-resistant_16S_ribosomal_subunit_protein|RRSC|RequiresSNPConfirmation,4158.0,2897.0,5553.0,3298.0,8067.0,8075.0,4090.0,3066.0,4768.0,3240.0,7056.0,3173.0,6350.0,3177.0,3501.0,5295.0,5687.0,3639.0,3872.0,6320.0,6720.0,3611.0,2249.0,2330.0,4679.0,5672.0,4624.0,5641.0
MEG_7181|Drugs|Tetracyclines|Tetracycline_resistance_ribosomal_protection_proteins|TETQ,1061.0,1221.0,1536.0,976.0,2969.0,1796.0,2130.0,1236.0,1848.0,959.0,2444.0,1564.0,2005.0,1158.0,1167.0,1611.0,2236.0,998.0,1118.0,1947.0,2323.0,1659.0,667.0,766.0,1281.0,1878.0,1693.0,2436.0
MEG_2737|Multi-compound|Drug_and_biocide_resistance|Drug_and_biocide_MFS_efflux_pumps|EMRY,0,0,0,0,0,0,0,0,0,0,0,0,0,0,0,0,23.0,0,0,0,33.0,0,0,0,0,0,0,0
MEG_3078|Biocides|Acid_resistance|Acid_resistance_protein|GADB,0,0,0,0,0,20.0,0,0,0,0,0,0,0,0,0,0,0,0,0,0,0,0,0,0,0,0,0,0
MEG_7212|Drugs|Tetracyclines|Tetracycline_resistance_ribosomal_protection_proteins|TETW,124.0,76.0,169.0,83.0,156.0,258.0,120.0,76.0,171.0,112.0,179.0,85.0,191.0,126.0,102.0,134.0,194.0,140.0,104.0,220.0,186.0,103.0,45.0,83.0,154.0,151.0,150.0,430.0
MEG_4|Drugs|Aminoglycosides|Aminoglycoside-resistant_16S_ribosomal_subunit_protein|A16S|RequiresSNPConfirmation,3636.0,0,0,2904.0,7678.0,7874.0,3847.0,0,4637.0,2971.0,7331.0,0,5835.0,3000.0,3263.0,0,5381.0,3212.0,3255.0,5369.0,7814.0,3841.0,2146.0,2390.0,0,5121.0,4302.0,0
MEG_7173|Drugs|Tetracyclines|Tetracycline_resistance_ribosomal_protection_proteins|TETO,0,48.0,84.0,0,62.0,94.0,57.0,0,0,31.0,97.0,38.0,88.0,55.0,0,46.0,93.0,55.0,39.0,53.0,87.0,0,0,0,75.0,75.0,55.0,220.0
MEG_411|Multi-compound|Drug_and_biocide_resistance|Drug_and_biocide_RND_efflux_regulator|ACRR|RequiresSNPConfirmation,9.0,0,0,0,0,35.0,0,0,0,0,0,0,20.0,0,10.0,0,0,0,0,0,0,0,0,0,0,0,0,0
MEG_3813|Drugs|MLS|MLS_resistance_MFS_efflux_pumps|MEFA,332.0,244.0,531.0,0,670.0,590.0,433.0,306.0,0,242.0,0,346.0,598.0,0,0,491.0,595.0,311.0,290.0,577.0,0,371.0,0,215.0,362.0,464.0,0,688.0
MEG_3761|Multi-compound|Drug_and_biocide_resistance|Drug_and_biocide_MFS_efflux_pumps|MDTM,14.0,0,0,0,0,0,0,0,0,0,0,0,0,0,0,0,0,0,0,0,25.0,0,0,0,0,0,0,0
MEG_7224|Drugs|Tetracyclines|Tetracycline_resistance_ribosomal_protection_proteins|TETW,108.0,88.0,164.0,100.0,165.0,169.0,148.0,99.0,128.0,71.0,174.0,116.0,211.0,91.0,76.0,121.0,296.0,118.0,84.0,164.0,185.0,102.0,57.0,47.0,175.0,164.0,120.0,518.0
MEG_7169|Drugs|Tetracyclines|Tetracycline_resistance_ribosomal_protection_proteins|TETO,0,42.0,44.0,58.0,63.0,70.0,53.0,43.0,67.0,0,38.0,48.0,80.0,35.0,36.0,65.0,57.0,44.0,0,70.0,41.0,0,0,0,77.0,57.0,0,183.0
MEG_409|Multi-compound|Drug_and_biocide_resistance|Drug_and_biocide_RND_efflux_pumps|ACRF,0,0,0,0,0,0,0,0,0,0,0,0,0,0,0,0,60.0,0,0,0,0,0,0,0,0,0,0,0
MEG_7168|Drugs|Tetracyclines|Tetracycline_resistance_ribosomal_protection_proteins|TETO,192.0,64.0,108.0,71.0,132.0,184.0,60.0,54.0,138.0,76.0,144.0,51.0,160.0,68.0,92.0,136.0,117.0,97.0,96.0,133.0,128.0,51.0,33.0,74.0,120.0,103.0,108.0,144.0
MEG_3753|Multi-compound|Drug_and_biocide_resistance|Drug_and_biocide_MFS_efflux_pumps|MDTG,17.0,0,0,0,0,0,0,0,0,0,0,0,0,0,0,0,0,0,0,0,20.0,0,0,0,0,0,0,0
MEG_7216|Drugs|Tetracyclines|Tetracycline_resistance_ribosomal_protection_proteins|TETW,99.0,95.0,195.0,84.0,199.0,184.0,158.0,69.0,154.0,85.0,239.0,133.0,157.0,87.0,102.0,135.0,208.0,154.0,69.0,219.0,192.0,104.0,51.0,37.0,157.0,155.0,140.0,554.0
MEG_2785|Drugs|MLS|23S_rRNA_methyltransferases|ERMA,0,0,74.0,0,0,0,0,0,0,0,15.0,0,0,0,0,0,0,0,0,0,38.0,0,0,15.0,0,0,0,23.0
MEG_7172|Drugs|Tetracyclines|Tetracycline_resistance_ribosomal_protection_proteins|TETO,0,0,0,0,73.0,71.0,0,0,0,0,75.0,0,0,0,0,0,0,0,0,51.0,83.0,0,0,0,0,0,0,0
MEG_7158|Drugs|Tetracyclines|Tetracycline_resistance_ribosomal_protection_proteins|TETO,130.0,94.0,229.0,80.0,262.0,178.0,118.0,93.0,130.0,74.0,205.0,70.0,140.0,81.0,103.0,126.0,160.0,134.0,113.0,184.0,272.0,109.0,68.0,64.0,106.0,133.0,139.0,225.0
MEG_3816|Drugs|MLS|MLS_resistance_MFS_efflux_pumps|MEFA,0,0,0,545.0,0,1234.0,0,0,872.0,0,1126.0,0,1095.0,0,570.0,895.0,1242.0,552.0,0,1233.0,0,711.0,0,0,763.0,0,0,0
MEG_7836|Multi-compound|Biocide_and_metal_resistance|Biocide_and_metal_resistance_protein|YJAA,0,0,0,0,0,0,0,0,0,0,0,0,0,0,0,0,0,0,0,0,0,0,0,0,0,10.0,0,0
MEG_7219|Drugs|Tetracyclines|Tetracycline_resistance_ribosomal_protection_proteins|TETW,317.0,137.0,305.0,150.0,299.0,441.0,144.0,172.0,223.0,200.0,423.0,148.0,367.0,139.0,157.0,269.0,388.0,272.0,160.0,426.0,417.0,154.0,77.0,110.0,290.0,230.0,264.0,699.0
MEG_2092|Metals|Multi-metal_resistance|Multi-metal_resistance_protein|CORD,15.0,0,0,0,0,0,0,0,0,0,0,0,5.0,0,0,0,5.0,0,0,0,10.0,0,0,0,0,0,0,0
MEG_729|Drugs|betalactams|Penicillin_binding_protein|AMPH,32.0,0,0,0,0,28.0,0,0,0,0,0,0,34.0,0,19.0,0,0,0,0,0,21.0,0,0,0,0,19.0,0,0
MEG_3977|Drugs|MLS|Macrolide-resistant_23S_rRNA_mutation|MLS23S|RequiresSNPConfirmation,5861.0,6166.0,8247.0,5774.0,27670.0,11664.0,12670.0,5954.0,7329.0,5148.0,12830.0,7368.0,9444.0,6059.0,6224.0,7244.0,11360.0,5942.0,5429.0,8625.0,12521.0,10885.0,9645.0,3770.0,10244.0,11472.0,7493.0,13332.0
MEG_2692|Metals|Multi-metal_resistance|Multi-metal_resistance_protein|DSBC,0,0,0,0,0,0,0,0,0,0,0,0,0,0,0,0,21.0,0,0,0,0,0,0,0,0,14.0,0,0
MEG_7215|Drugs|Tetracyclines|Tetracycline_resistance_ribosomal_protection_proteins|TETW,108.0,76.0,145.0,88.0,183.0,190.0,122.0,81.0,114.0,82.0,178.0,123.0,171.0,82.0,83.0,130.0,205.0,132.0,88.0,145.0,174.0,65.0,61.0,53.0,144.0,145.0,120.0,422.0
MEG_7265|Biocides|Multi-biocide_resistance|Multi-biocide_RND_efflux_pump|TOLC,0,0,0,0,0,0,0,0,0,0,0,0,0,0,0,0,2.0,0,0,0,0,0,0,0,0,0,0,0
MEG_3076|Biocides|Acid_resistance|Acid_resistance_protein|GADA,56.0,0,0,0,0,36.0,0,0,0,0,0,0,0,26.0,0,0,23.0,0,0,0,46.0,0,0,0,0,31.0,0,0
MEG_7160|Drugs|Tetracyclines|Tetracycline_resistance_ribosomal_protection_proteins|TETO,129.0,62.0,241.0,64.0,265.0,184.0,129.0,70.0,102.0,82.0,196.0,70.0,167.0,66.0,75.0,142.0,152.0,94.0,85.0,122.0,258.0,87.0,60.0,85.0,109.0,142.0,94.0,152.0
MEG_5816|Metals|Arsenic_resistance|Arsenic_resistance_protein|PSTS,26.0,0,0,0,13.0,0,0,0,0,0,0,0,0,0,0,0,31.0,0,0,0,23.0,0,0,0,0,0,0,0
MEG_3141|Multi-compound|Biocide_and_metal_resistance|Biocide_and_metal_resistance_protein|GLPF,18.0,0,0,0,0,0,0,0,0,0,0,0,0,0,0,0,33.0,0,0,0,20.0,0,0,0,0,0,0,0
MEG_1190|Drugs|Bacitracin|Undecaprenyl_pyrophosphate_phosphatase|BACA,14.0,0,0,0,0,0,0,0,0,0,0,0,0,0,0,0,0,0,0,0,0,0,0,0,0,0,0,0
MEG_3620|Drugs|MLS|Lincosamide_nucleotidyltransferases|LNUG,0,0,160.0,0,0,0,0,0,0,0,58.0,0,20.0,0,20.0,0,18.0,0,0,0,43.0,0,0,25.0,11.0,0,0,81.0
MEG_7180|Drugs|Tetracyclines|Tetracycline_resistance_ribosomal_protection_proteins|TETQ,509.0,603.0,717.0,527.0,1621.0,796.0,1135.0,612.0,868.0,378.0,995.0,810.0,916.0,540.0,595.0,778.0,977.0,394.0,540.0,884.0,1205.0,835.0,352.0,358.0,561.0,986.0,795.0,1181.0
MEG_3756|Multi-compound|Drug_and_biocide_resistance|Drug_and_biocide_SMR_efflux_pumps|MDTI,8.0,0,0,9.0,0,0,0,4.0,0,0,0,0,0,0,6.0,0,14.0,0,0,0,0,0,0,0,0,9.0,0,0
MEG_3812|Drugs|MLS|MLS_resistance_MFS_efflux_pumps|MEFA,0,0,0,0,0,0,0,0,0,0,364.0,0,409.0,0,0,345.0,0,0,0,0,0,0,0,0,0,0,0,0
MEG_2443|Metals|Copper_resistance|Copper_resistance_regulator|CUER,0,8.0,0,0,0,12.0,0,0,0,0,0,0,0,0,0,0,12.0,0,0,0,0,0,0,0,0,0,15.0,0
MEG_3608|Drugs|MLS|Lincosamide_nucleotidyltransferases|LNUA,0,0,0,0,0,0,0,0,0,0,0,0,0,0,0,0,0,0,0,0,0,0,0,0,0,0,0,11.0
MEG_7235|Drugs|Tetracyclines|Tetracycline_resistance_ribosomal_protection_proteins|TETW,0,0,0,0,0,0,0,0,0,0,0,0,0,0,0,70.0,0,0,0,0,77.0,0,0,0,0,0,57.0,0
MEG_6549|Biocides|Multi-biocide_resistance|Multi-biocide_resistance_regulator|SOXRB,0,0,0,0,4.0,7.0,0,6.0,0,0,0,0,0,0,13.0,0,0,0,0,0,25.0,0,0,0,0,0,0,0
MEG_6551|Multi-compound|Drug_and_biocide_and_metal_resistance|Drug_and_biocide_and_metal_resistance_regulator|SOXS,0,0,0,0,0,0,0,0,0,0,0,0,0,0,12.0,0,11.0,0,0,8.0,19.0,0,0,0,0,14.0,0,0
MEG_3083|Multi-compound|Drug_and_biocide_resistance|Drug_and_biocide_RND_efflux_regulator|GADX,24.0,10.0,0,0,0,5.0,0,0,0,10.0,0,9.0,25.0,0,32.0,0,29.0,0,0,0,28.0,0,0,0,0,14.0,0,0
MEG_4167|Metals|Nickel_resistance|Nickel_ABC_efflux_pumps|NIKA,45.0,0,0,0,0,29.0,0,0,0,0,0,0,0,0,32.0,0,43.0,0,0,0,0,0,0,0,0,0,0,0
MEG_5409|Drugs|betalactams|Penicillin_binding_protein|PBP4B,36.0,0,0,0,0,0,0,0,0,0,0,0,0,0,35.0,0,0,0,0,0,39.0,0,0,0,0,0,0,0
MEG_7175|Drugs|Tetracyclines|Tetracycline_resistance_ribosomal_protection_proteins|TETO,81.0,31.0,82.0,69.0,131.0,127.0,0,41.0,75.0,41.0,104.0,46.0,95.0,47.0,41.0,57.0,89.0,42.0,55.0,70.0,117.0,0,31.0,44.0,86.0,82.0,78.0,92.0
MEG_7857|Metals|Zinc_resistance|Zinc_resistance_protein|ZNUB,0,0,0,0,0,0,0,0,0,0,0,0,0,0,0,0,0,0,0,0,2.0,0,0,0,0,0,0,0
MEG_3291|Biocides|Acetate_resistance|Acetate_resistance_protein|ICLR,12.0,0,0,0,0,21.0,0,0,0,0,0,0,13.0,0,0,0,0,0,0,0,0,0,0,0,0,0,0,0
MEG_6575|Biocides|Multi-biocide_resistance|Multi-biocide_SMR_efflux_pump|SUGE,0,0,0,0,3.0,0,0,0,0,0,0,0,0,0,4.0,0,6.0,0,0,0,0,0,0,0,0,0,0,0
MEG_2458|Metals|Copper_resistance|Copper_resistance_protein|CUTF,0,0,0,0,0,0,0,0,0,0,0,0,0,0,0,0,14.0,0,0,0,25.0,0,0,0,0,13.0,0,0
MEG_2578|Drugs|Trimethoprim|Dihydrofolate_reductase|DFRF,0,0,0,0,0,9.0,0,0,0,0,0,0,0,0,0,0,0,0,0,0,0,0,0,0,0,0,0,0
MEG_1694|Drugs|betalactams|Class_A_betalactamases|CFX,38.0,76.0,61.0,98.0,116.0,154.0,90.0,91.0,0,62.0,144.0,118.0,125.0,0,89.0,117.0,0,57.0,0,169.0,88.0,52.0,0,53.0,94.0,154.0,69.0,111.0
MEG_7304|Drugs|Elfamycins|EF-Tu_inhibition|TUFAB|RequiresSNPConfirmation,1304.0,857.0,2092.0,977.0,2303.0,2453.0,1175.0,1047.0,1460.0,785.0,2595.0,942.0,2044.0,1048.0,1085.0,1440.0,1819.0,819.0,926.0,2036.0,2738.0,1326.0,580.0,842.0,912.0,1524.0,2132.0,1749.0
MEG_2842|Drugs|MLS|23S_rRNA_methyltransferases|ERMQ,68.0,21.0,102.0,25.0,104.0,105.0,36.0,47.0,61.0,32.0,101.0,21.0,139.0,51.0,25.0,53.0,75.0,22.0,35.0,96.0,126.0,85.0,21.0,36.0,42.0,49.0,97.0,60.0
MEG_3817|Drugs|MLS|MLS_resistance_MFS_efflux_pumps|MEFA,6131.0,5173.0,8490.0,4442.0,14144.0,10252.0,7961.0,5707.0,8398.0,5069.0,11169.0,6267.0,10595.0,6649.0,5264.0,8573.0,10816.0,5598.0,5045.0,10702.0,9304.0,6585.0,3268.0,3630.0,6904.0,9441.0,7956.0,12596.0
MEG_941|Drugs|Aminoglycosides|Aminoglycoside_O-nucleotidyltransferases|ANT3-DPRIME,0,0,0,0,0,0,0,0,0,0,0,0,0,0,0,0,0,0,0,0,0,0,0,0,0,0,0,27.0
MEG_2086|Metals|Multi-metal_resistance|Multi-metal_resistance_protein|CORA,0,0,0,0,0,0,0,0,0,0,0,0,0,0,0,0,0,0,0,0,10.0,0,0,0,0,0,0,0
MEG_2829|Drugs|MLS|23S_rRNA_methyltransferases|ERMF,0,0,0,0,0,0,0,0,10.0,14.0,0,15.0,0,0,0,0,0,0,0,0,49.0,35.0,0,0,0,0,0,0
MEG_4162|Metals|Sodium_resistance|Sodium_resistance_protein|NHAA,38.0,28.0,0,0,0,18.0,18.0,0,0,0,0,0,0,0,12.0,0,48.0,0,0,0,33.0,0,0,0,0,0,0,0
MEG_7228|Drugs|Tetracyclines|Tetracycline_resistance_ribosomal_protection_proteins|TETW,120.0,93.0,179.0,107.0,249.0,327.0,139.0,109.0,172.0,148.0,356.0,137.0,258.0,92.0,135.0,207.0,304.0,196.0,124.0,243.0,277.0,159.0,52.0,90.0,190.0,232.0,254.0,339.0
MEG_7232|Drugs|Tetracyclines|Tetracycline_resistance_ribosomal_protection_proteins|TETW,226.0,118.0,209.0,198.0,411.0,471.0,218.0,124.0,345.0,0,385.0,165.0,368.0,164.0,214.0,259.0,341.0,259.0,176.0,252.0,336.0,228.0,138.0,139.0,426.0,342.0,302.0,1058.0
MEG_3244|Drugs|Aminocoumarins|Aminocoumarin-resistant_DNA_topoisomerases|GYRBA|RequiresSNPConfirmation,86.0,0,0,0,0,0,0,0,0,0,0,0,0,0,75.0,0,128.0,0,0,0,130.0,0,0,0,0,102.0,0,0
MEG_6654|Metals|Copper_resistance|Copper_resistance_protein|TCRZ,23.0,0,153.0,0,0,0,0,0,0,5.0,15.0,0,9.0,0,11.0,7.0,15.0,0,0,0,115.0,0,0,10.0,22.0,0,0,20.0
MEG_2789|Drugs|MLS|23S_rRNA_methyltransferases|ERMB,0,0,0,0,0,0,0,0,0,0,0,0,0,0,0,0,0,0,0,0,0,8.0,0,0,0,0,0,0
MEG_7050|Drugs|Tetracyclines|Tetracycline_resistance_MFS_efflux_pumps|TETB,170.0,75.0,168.0,86.0,305.0,296.0,85.0,100.0,195.0,24.0,325.0,61.0,222.0,152.0,96.0,79.0,257.0,44.0,63.0,143.0,389.0,195.0,138.0,68.0,45.0,106.0,255.0,153.0
MEG_2132|Multi-compound|Drug_and_biocide_resistance|Drug_and_biocide_RND_efflux_regulator|CRP,14.0,0,0,0,0,20.0,0,0,0,0,0,0,26.0,0,13.0,0,0,0,0,0,10.0,0,0,0,0,22.0,0,0
MEG_996|Drugs|Aminoglycosides|Aminoglycoside_O-nucleotidyltransferases|ANT6,0,0,0,0,5.0,0,0,0,0,0,0,0,0,0,0,0,0,0,0,0,0,0,0,0,0,0,0,0
MEG_7820|Biocides|Acid_resistance|Acid_resistance_protein|YDEP,0,0,0,0,0,0,0,0,0,0,0,0,0,0,39.0,0,0,0,0,0,42.0,0,0,0,0,0,0,0
MEG_5|Drugs|Aminoglycosides|Aminoglycoside-resistant_16S_ribosomal_subunit_protein|A16S|RequiresSNPConfirmation,4421.0,3935.0,6902.0,4298.0,10160.0,9387.0,5711.0,3721.0,5709.0,3671.0,9219.0,3831.0,7197.0,4063.0,3889.0,5724.0,7156.0,4306.0,4358.0,7286.0,9455.0,5281.0,3123.0,2698.0,4626.0,6751.0,5743.0,6704.0
MEG_3065|Drugs|Fusidic_acid|Fusidic_acid-resistant_mutation|FUSA|RequiresSNPConfirmation,1169.0,0,1771.0,0,0,0,0,0,0,0,2575.0,0,2031.0,0,0,0,1743.0,0,0,0,2822.0,0,0,748.0,1063.0,0,0,2130.0
MEG_7209|Drugs|Tetracyclines|Tetracycline_resistance_ribosomal_protection_proteins|TETW,0,0,0,0,0,0,0,0,0,0,55.0,0,0,0,0,0,0,0,0,0,0,0,0,0,0,0,0,0
MEG_7305|Drugs|Elfamycins|EF-Tu_inhibition|TUFAB|RequiresSNPConfirmation,0,0,1011.0,577.0,0,0,0,0,0,0,1495.0,0,0,0,743.0,0,1228.0,0,0,0,1187.0,0,0,537.0,0,0,0,860.0
MEG_4061|Drugs|Multi-drug_resistance|Multi-drug_ABC_efflux_pumps|MSBA,85.0,0,0,0,0,0,0,0,0,0,0,0,0,0,0,0,0,0,0,0,0,0,0,0,0,0,0,0
MEG_7214|Drugs|Tetracyclines|Tetracycline_resistance_ribosomal_protection_proteins|TETW,97.0,72.0,123.0,71.0,151.0,136.0,96.0,64.0,100.0,56.0,202.0,72.0,106.0,58.0,81.0,118.0,192.0,111.0,52.0,155.0,157.0,74.0,31.0,30.0,130.0,96.0,96.0,442.0
MEG_3763|Multi-compound|Drug_and_biocide_resistance|Drug_and_biocide_RND_efflux_pumps|MDTN,44.0,0,0,0,0,0,0,0,0,0,0,0,0,0,0,0,32.0,0,0,0,45.0,0,0,0,0,14.0,0,0
MEG_6969|Drugs|Tetracyclines|Tetracycline_resistance_ribosomal_protection_proteins|TET32,115.0,49.0,143.0,0,132.0,190.0,91.0,54.0,88.0,79.0,120.0,52.0,163.0,0,50.0,89.0,145.0,84.0,0,132.0,167.0,59.0,0,0,95.0,96.0,98.0,92.0
MEG_7220|Drugs|Tetracyclines|Tetracycline_resistance_ribosomal_protection_proteins|TETW,304.0,155.0,362.0,166.0,323.0,505.0,215.0,202.0,267.0,215.0,509.0,226.0,418.0,155.0,208.0,342.0,460.0,294.0,230.0,528.0,484.0,205.0,97.0,145.0,346.0,306.0,331.0,838.0
MEG_7867|Metals|Zinc_resistance|Zinc_resistance_regulator|ZUR,18.0,0,4.0,0,0,0,0,0,0,0,0,0,0,0,9.0,0,0,0,0,0,0,0,0,0,0,0,0,0
MEG_5787|Metals|Multi-metal_resistance|Multi-metal_resistance_protein|PITA,54.0,0,0,0,0,0,0,0,0,0,0,0,0,0,0,0,79.0,0,0,0,59.0,0,0,0,0,0,0,0
MEG_6|Drugs|Aminoglycosides|Aminoglycoside-resistant_16S_ribosomal_subunit_protein|A16S|RequiresSNPConfirmation,3240.0,3098.0,4640.0,3314.0,9793.0,6911.0,5074.0,3197.0,4401.0,2950.0,6995.0,3552.0,5832.0,3449.0,3125.0,4986.0,5381.0,3436.0,3579.0,5409.0,6336.0,4466.0,3309.0,2081.0,4321.0,5882.0,4490.0,5588.0
MEG_2454|Metals|Copper_resistance|Copper_resistance_protein|CUTA,15.0,0,0,0,0,0,0,0,0,0,0,0,0,0,10.0,0,15.0,0,0,0,11.0,0,0,0,7.0,0,0,0
MEG_2730|Multi-compound|Drug_and_biocide_resistance|Drug_and_biocide_MFS_efflux_pumps|EMRD,27.0,0,0,0,0,0,0,0,0,0,0,0,0,0,24.0,0,45.0,0,0,0,28.0,0,0,0,0,0,0,0
MEG_1039|Drugs|Aminoglycosides|Aminoglycoside_O-phosphotransferases|APH3-DPRIME,0,0,0,0,0,0,0,0,0,0,14.0,0,14.0,0,0,0,0,0,0,0,0,0,0,0,6.0,0,0,22.0
MEG_4176|Metals|Nickel_resistance|Nickel_ABC_efflux_regulator|NIKR,0,0,0,0,0,0,1.0,0,0,0,0,1.0,0,1.0,0,0,0,0,0,0,0,0,0,0,0,1.0,0,0
MEG_1696|Drugs|betalactams|Class_A_betalactamases|CFX,48.0,84.0,60.0,89.0,174.0,167.0,115.0,127.0,123.0,41.0,147.0,112.0,116.0,87.0,100.0,83.0,87.0,50.0,75.0,149.0,85.0,41.0,57.0,60.0,103.0,157.0,102.0,78.0
MEG_2972|Drugs|Sulfonamides|Sulfonamide-resistant_dihydropteroate_synthases|FOLP|RequiresSNPConfirmation,0,0,0,0,0,0,0,0,0,0,0,0,0,0,17.0,0,16.0,0,0,0,0,0,0,0,0,0,0,0
MEG_7313|Drugs|Elfamycins|EF-Tu_inhibition|TUFAB|RequiresSNPConfirmation,1231.0,721.0,1732.0,796.0,1498.0,2020.0,1150.0,867.0,1345.0,985.0,2152.0,831.0,1823.0,847.0,913.0,1106.0,1560.0,798.0,921.0,1703.0,2029.0,808.0,0,614.0,1197.0,1512.0,1178.0,1298.0
MEG_2020|Metals|Copper_resistance|Copper_resistance_protein|COPA,0,0,0,0,0,0,0,0,0,0,0,0,0,0,0,0,54.0,0,0,0,0,0,0,0,0,0,0,0
MEG_2860|Drugs|MLS|23S_rRNA_methyltransferases|ERMX,0,0,32.0,0,0,0,0,0,0,0,0,0,0,0,13.0,0,0,0,0,0,60.0,0,0,0,0,0,0,0
MEG_988|Drugs|Aminoglycosides|Aminoglycoside_O-nucleotidyltransferases|ANT6,98.0,54.0,107.0,182.0,293.0,147.0,103.0,142.0,104.0,106.0,177.0,123.0,167.0,89.0,174.0,122.0,141.0,115.0,55.0,109.0,309.0,132.0,26.0,192.0,113.0,89.0,161.0,201.0
MEG_7203|Drugs|Tetracyclines|Tetracycline_resistance_ribosomal_protection_proteins|TETT,0,0,72.0,0,0,0,0,0,0,0,0,0,0,0,0,0,0,0,0,0,0,0,0,0,0,0,0,0
MEG_7302|Drugs|Elfamycins|EF-Tu_inhibition|TUFAB|RequiresSNPConfirmation,906.0,547.0,1262.0,655.0,1226.0,1701.0,790.0,622.0,871.0,845.0,1536.0,562.0,1354.0,0,800.0,1078.0,1476.0,857.0,0,1484.0,1361.0,722.0,0,450.0,1160.0,1136.0,0,1103.0
MEG_7234|Drugs|Tetracyclines|Tetracycline_resistance_ribosomal_protection_proteins|TETW,0,0,0,0,0,0,0,0,0,0,0,0,0,0,0,45.0,0,0,0,0,0,0,0,0,0,0,0,0
MEG_2836|Drugs|MLS|23S_rRNA_methyltransferases|ERMG,0,0,0,0,0,0,0,0,0,0,0,0,0,0,0,0,0,0,0,0,0,0,0,0,0,13.0,0,0
MEG_410|Multi-compound|Drug_and_biocide_resistance|Drug_and_biocide_RND_efflux_pumps|ACRF,43.0,0,0,0,0,0,0,0,0,0,0,0,0,0,0,0,69.0,0,0,0,44.0,0,0,0,0,0,0,0
MEG_3985|Drugs|MLS|Macrolide-resistant_23S_rRNA_mutation|MLS23S|RequiresSNPConfirmation,0,0,1508.0,0,0,0,0,0,0,0,1879.0,0,0,0,0,0,0,0,0,0,0,0,0,0,0,0,0,0
MEG_1687|Drugs|betalactams|Class_A_betalactamases|CFX,0,48.0,0,0,76.0,104.0,0,53.0,75.0,27.0,97.0,76.0,87.0,39.0,81.0,67.0,54.0,50.0,0,101.0,66.0,0,0,42.0,50.0,130.0,90.0,73.0
MEG_3662|Multi-compound|Drug_and_biocide_resistance|Drug_and_biocide_RND_efflux_regulator|MARA,0,0,0,0,0,0,9.0,0,0,0,0,0,0,0,0,0,6.0,0,0,0,0,0,0,0,0,10.0,0,0
MEG_3|Drugs|Aminoglycosides|Aminoglycoside-resistant_16S_ribosomal_subunit_protein|A16S|RequiresSNPConfirmation,7857.0,5268.0,11649.0,5839.0,13784.0,14981.0,7293.0,5825.0,8966.0,6472.0,14290.0,5052.0,11967.0,5865.0,6193.0,9877.0,11151.0,6942.0,7379.0,12074.0,13014.0,6367.0,3401.0,4493.0,8029.0,10455.0,9303.0,10642.0
MEG_7330|Drugs|Fosfomycin|Fosfomycin_target_mutation|UHPT|RequiresSNPConfirmation,41.0,0,0,0,0,0,0,0,0,0,0,0,0,0,29.0,0,0,0,0,0,63.0,0,0,0,0,0,0,0
MEG_6169|Drugs|Nucleosides|Streptothricin_acetyltransferase|SAT,7.0,0,12.0,0,0,0,0,0,0,0,0,0,10.0,0,0,0,0,0,7.0,0,0,0,0,0,0,0,0,4.0
MEG_3765|Multi-compound|Drug_and_biocide_resistance|Drug_and_biocide_RND_efflux_pumps|MDTP,43.0,0,0,0,0,0,0,0,0,0,0,0,0,0,0,0,46.0,0,0,0,50.0,0,0,0,0,0,0,0
MEG_3271|Drugs|Multi-drug_resistance|Multi-drug_RND_efflux_pumps|HNS,9.0,0,0,0,0,23.0,19.0,0,0,0,0,13.0,0,0,0,0,0,0,0,0,0,0,0,0,0,12.0,0,0
MEG_3982|Drugs|MLS|Macrolide-resistant_23S_rRNA_mutation|MLS23S|RequiresSNPConfirmation,0,0,2487.0,0,0,0,0,0,0,0,2672.0,0,0,0,0,0,0,0,0,0,2611.0,0,0,1172.0,0,0,0,2157.0
MEG_2087|Metals|Multi-metal_resistance|Multi-metal_resistance_protein|CORA,0,0,0,0,0,0,0,0,0,0,0,0,0,0,0,0,11.0,0,0,0,22.0,0,0,0,0,38.0,0,0
MEG_4173|Metals|Nickel_resistance|Nickel_ABC_efflux_pumps|NIKE,0,0,21.0,0,0,0,0,0,22.0,0,0,0,0,0,12.0,0,16.0,0,0,0,0,0,0,0,0,0,0,0
MEG_4160|Metals|Chromium_resistance|Chromium_resistance_protein|NFSA,17.0,0,0,0,8.0,0,0,0,0,0,0,0,0,0,10.0,0,0,0,0,0,19.0,0,7.0,0,0,0,0,0
MEG_1698|Drugs|betalactams|Class_A_betalactamases|CFX,73.0,114.0,74.0,140.0,227.0,261.0,106.0,152.0,176.0,65.0,243.0,121.0,181.0,95.0,97.0,137.0,118.0,114.0,112.0,210.0,152.0,83.0,70.0,67.0,120.0,243.0,143.0,155.0
MEG_7164|Drugs|Tetracyclines|Tetracycline_resistance_ribosomal_protection_proteins|TETO,102.0,71.0,180.0,0,191.0,139.0,149.0,75.0,0,55.0,181.0,66.0,155.0,0,79.0,134.0,112.0,67.0,62.0,129.0,214.0,95.0,0,74.0,104.0,105.0,78.0,157.0
MEG_7225|Drugs|Tetracyclines|Tetracycline_resistance_ribosomal_protection_proteins|TETW,181.0,113.0,187.0,102.0,226.0,403.0,130.0,139.0,206.0,124.0,249.0,105.0,265.0,109.0,182.0,165.0,301.0,145.0,135.0,269.0,283.0,107.0,123.0,97.0,256.0,196.0,242.0,537.0
MEG_3144|Drugs|Fosfomycin|Fosfomycin_target_mutation|GLPT|RequiresSNPConfirmation,33.0,0,0,0,0,45.0,0,0,0,0,0,0,0,0,47.0,0,27.0,0,0,0,0,0,0,0,0,0,0,0
MEG_4103|Multi-compound|Drug_and_biocide_resistance|Drug_and_biocide_SMR_efflux_pumps|MVRC,0,0,0,0,0,5.0,0,0,0,0,0,0,3.0,0,0,0,0,0,0,0,0,0,0,0,0,0,0,0
MEG_7211|Drugs|Tetracyclines|Tetracycline_resistance_ribosomal_protection_proteins|TETW,87.0,79.0,133.0,76.0,180.0,184.0,123.0,74.0,105.0,63.0,149.0,89.0,141.0,70.0,69.0,70.0,197.0,98.0,59.0,115.0,133.0,95.0,0,37.0,124.0,153.0,112.0,507.0
MEG_7222|Drugs|Tetracyclines|Tetracycline_resistance_ribosomal_protection_proteins|TETW,268.0,157.0,326.0,132.0,249.0,390.0,141.0,128.0,221.0,185.0,502.0,182.0,332.0,120.0,196.0,262.0,358.0,232.0,188.0,384.0,420.0,166.0,68.0,124.0,258.0,247.0,273.0,687.0
MEG_7238|Drugs|Tetracyclines|Tetracycline_inactivation_enzymes|TETX,0,0,0,69.0,0,80.0,0,0,0,90.0,110.0,91.0,82.0,0,0,0,94.0,0,0,131.0,0,77.0,0,0,0,127.0,101.0,75.0
MEG_7229|Drugs|Tetracyclines|Tetracycline_resistance_ribosomal_protection_proteins|TETW,917.0,444.0,1023.0,509.0,986.0,1309.0,607.0,546.0,798.0,617.0,1387.0,503.0,1202.0,458.0,598.0,752.0,1357.0,772.0,542.0,1230.0,1249.0,625.0,214.0,331.0,971.0,783.0,889.0,2572.0
MEG_7183|Drugs|Tetracyclines|Tetracycline_resistance_ribosomal_protection_proteins|TETQ,5890.0,6741.0,8116.0,5428.0,14964.0,10324.0,9293.0,6895.0,9800.0,6724.0,14975.0,8061.0,11448.0,7349.0,6039.0,9545.0,13237.0,5714.0,5923.0,12039.0,12078.0,8922.0,3488.0,3850.0,7879.0,11614.0,10236.0,13157.0
MEG_2899|Multi-compound|Biocide_and_metal_resistance|Biocide_and_metal_ABC_efflux_pumps|FETB,0,0,0,0,0,0,0,0,0,0,0,0,0,0,0,0,9.0,0,0,0,0,0,0,0,0,0,0,0
MEG_7150|Drugs|Tetracyclines|Tetracycline_resistance_ribosomal_protection_proteins|TETO,267.0,152.0,516.0,283.0,565.0,331.0,272.0,144.0,259.0,161.0,470.0,162.0,310.0,155.0,164.0,313.0,366.0,313.0,222.0,353.0,722.0,178.0,141.0,151.0,282.0,285.0,256.0,602.0
MEG_5801|Drugs|Cationic_antimicrobial_peptides|Lipid_A_modification|PMRF,27.0,0,0,0,0,0,0,0,0,0,0,0,0,0,0,0,0,0,0,0,17.0,0,0,0,0,21.0,0,0
MEG_7055|Drugs|Tetracyclines|Tetracycline_resistance_MFS_efflux_pumps|TETBP,225.0,148.0,316.0,144.0,352.0,384.0,173.0,178.0,230.0,87.0,490.0,101.0,419.0,245.0,152.0,111.0,284.0,95.0,136.0,292.0,437.0,265.0,84.0,158.0,116.0,198.0,604.0,299.0
